Workbook

Sheet INVOICE FOR USD
A1: ISSUER:XIAMEN SUTE CONSTRUCTION MACHINERY CO., LTD. | K1: INVOICE
A2: Add:No. 1-103, Fengshan West Road, Fengshan Community, Haicang District, Xiamen City, China
A3: Tel: 0086 592 6264338, Fax: 0086 592 5556820, Mob: 0086 18650178968
A4: TO:O.C.R. CO., LTD.
A5: Add2/2 Mu 7,Tambon Klongsai,Amphoe Natawi,Changwat Songkhla 90160,Thailand
A6: Tel:+66 74 255-897,Fax:+66 74 255898
A7: Marks:O.C.R. CO., LTD | H7: INV NO.: ST/OCR26326T1 | K7: DATE:2026-06-30
A8: Ship from: Xiamen China | K8: To: Laem Chabang Thailand
A9: SL | B9: PO NO. | C9: DESCRIPTION | H9: QTY | I9: UNIT | J9: UNIT PRICE | K9: AMOUNT | L9: HS.code | M9: FIGURE NO.
C10: THAI NAME | D10: MAIN MATERIAL | E10: ENGLISH NAME | F10: PART NO. | G10: OCR NO. | J10: USD | K10: USD
A11: TRUCK SPARE PARTS
A12: 1 | B12: PRS260510032 | C12: กล่องควบคุมABS | D12: เหล็ก | E12: ABS CONTROLLER (KEMI) | F12: 453603771/XGA36HKFW211-30201 | G12: XGA4253880300 | H12: 1 | I12: PC | J12: ='INVOICE FOR CNY'!J12/6.79 -> 62.002946 | K12: =H12*J12 -> 62.002946 | L12: 853710 | M12: NO.1
A13: 2 | B13: PRS260510032 | C13: วาล์วรีเลย์4 ทาง | D13: เหล็ก | E13: RELAY VALVE ASSEMBLY | F13: 453502216/NXG3527WLFW6B1-010 | G13: XGA4250778090 | H13: 2 | I13: PCS | J13: ='INVOICE FOR CNY'!J13/6.79 -> 13.843888 | K13: =H13*J13 -> 27.687776 | L13: 848180 | M13: NO.2
A14: 3 | B14: PRS260510032 | C14: ยางกันกระแทกแหนบหน้า | D14: ยาง | E14: LIMIT BLOCK - FRONT SUSPENSION | F14: 452906875/XGA29HEFW211-01106 | G14: XGA4250668020 | H14: 4 | I14: PCS | J14: ='INVOICE FOR CNY'!J14/6.79 -> 2.7982327 | K14: =H14*J14 -> 11.192931 | L14: 401699 | M14: NO.3
A15: 4 | B15: PRS260510032 | C15: สกรูจับสลักโตงเตงแหนบหน้า | D15: เหล็ก | E15: SPRING PIN LOCATING BOLT | F15: 452902661/NXG29KFW111-01054 | G15: XGA3252980100 | H15: 10 | I15: PCS | J15: ='INVOICE FOR CNY'!J15/6.79 -> 0.44182622 | K15: =H15*J15 -> 4.4182622 | L15: 731815 | M15: NO.4
A16: 5 | B16: PRS260510032 | C16: สายสลิงล็อคก้ามเบรค(สั้น) | D16: เหล็ก | E16: WEAR ALARM JUMPER WIRE | F16: 459306729/HD90009580001 | G16: XGA3252802610 | H16: 2 | I16: PCS | J16: ='INVOICE FOR CNY'!J16/6.79 -> 7.5110457 | K16: =H16*J16 -> 15.022091 | L16: 731210 | M16: NO.5
A17: 6 | B17: PRS260510032 | C17: น็อตจับข้อต่อสายลม | D17: เหล็ก | E17: INTERNAL SERRATED LOCKING WASHER | F17: 805339139 + 453502192 | G17: XGA3252112202 | H17: 5 | I17: PCS | J17: ='INVOICE FOR CNY'!J17/6.79 -> 6.4801178 | K17: =H17*J17 -> 32.400589 | L17: 731815 | M17: NO.6
A18: 7 | B18: PRS260510032 | C18: ข้อต่อวาล์ว | D18: เหล็ก | E18: END TYPE CONNECTOR+SEAL WASHER | F18: 453505137 + 805339161 | G18: XGA3250426060 | H18: 20 | I18: PCS | J18: ='INVOICE FOR CNY'!J18/6.79 -> 1.6200295 | K18: =H18*J18 -> 32.400589 | L18: 732690 | M18: NO.7
A19: 8 | B19: PRS260510032 | C19: ข้อต่อวาล์ว(ตรง) | D19: เหล็ก | E19: HOLLOW BOLT+CIRCLIP+SPECIAL SECTION SEAL | F19: 453505138 + 453505139 + 453505140 | G19: XGA3250424070 | H19: 20 | I19: PCS | J19: ='INVOICE FOR CNY'!J19/6.79 -> 1.7673049 | K19: =H19*J19 -> 35.346097 | L19: 732690 | M19: NO.8
A20: 9 | B20: PRS260510032 | C20: ข้อต่อ(ตรง)หางไหลหม้อน้ำลมเบรค | D20: เหล็ก | E20: HOLLOW BOLT+CIRCLIP+SPECIAL SECTION SEAL | F20: 453505131 + 453505132 + 453505133 | G20: XGA3250416010 | H20: 50 | I20: PCS | J20: ='INVOICE FOR CNY'!J20/6.79 -> 1.9145803 | K20: =H20*J20 -> 95.729013 | L20: 732690 | M20: NO.9
A21: 10 | B21: PRS260510032 | C21: โช๊คอัพ | D21: เหล็ก | E21: SHOCK ABSORBER ASSEMBLY | F21: 452906971/XGA2921YPAY132-010 | G21: XGA3250376010 | H21: 4 | I21: PCS | J21: ='INVOICE FOR CNY'!J21/6.79 -> 21.649485 | K21: =H21*J21 -> 86.597938 | L21: 870880 | M21: NO.10
A22: 11 | B22: PRS260510032 | C22: ขอบบังโคลนหน้าซ้าย | D22: เหล็ก | E22: LEFT FRONT FENDER ASSEMBLY | F22: 4584002159 | G22: XGA1150990400 | H22: 2 | I22: PCS | J22: ='INVOICE FOR CNY'!J22/6.79 -> 15.463918 | K22: =H22*J22 -> 30.927835 | L22: 732690 | M22: NO.11
A23: 12 | B23: PRS260510032 | C23: ขอบบังโคลนหน้าขวา | D23: เหล็ก | E23: RIGHT FRONT FENDER ASSEMBLY | F23: 4584002158 | G23: XGA1150990100 | H23: 2 | I23: PCS | J23: ='INVOICE FOR CNY'!J23/6.79 -> 15.463918 | K23: =H23*J23 -> 30.927835 | L23: 732690 | M23: NO.12
A24: 13 | B24: PRS260510032 | C24: เซ็นเซอร์อุณหภูมิ | D24: เหล็ก | E24: OUTDOOR TEMPERATURE SENSOR | F24: 458108684/XGA81AMSE111-030500 | G24: XGA1150690600 | H24: 2 | I24: PCS | J24: ='INVOICE FOR CNY'!J24/6.79 -> 2.5036819 | K24: =H24*J24 -> 5.0073638 | L24: 853690 | M24: NO.13
A25: 14 | B25: PRS260510032 | C25: ชุดกระจังหน้า | D25: เหล็ก | E25: FRONT GRILLE ASSEMBLY INCLUDE FRONT LOGO ASSEMBLY | F25: 453906704 + 455312866 | G25: XGA1150690400 | H25: 3 | I25: PCS | J25: ='INVOICE FOR CNY'!J25/6.79 -> 73.932253 | K25: =H25*J25 -> 221.79676 | L25: 732690 | M25: NO.14
A26: 15 | B26: PRS260510032 | C26: แผงหน้าปัด | D26: เหล็ก | E26: FRONT PANEL ASSEMBLY | F26: 4553006658 | G26: XGA1150670200 | H26: 2 | I26: PCS | J26: ='INVOICE FOR CNY'!J26/6.79 -> 53.755523 | K26: =H26*J26 -> 107.51105 | L26: 853710 | M26: NO.15
A27: 16 | B27: PRS260510032 | C27: แก้มหน้าขวา | D27: เหล็ก | E27: RIGHT SIDE TRIM ASSEMBLY | F27: 4553006662 | G27: XGA1150670100 | H27: 2 | I27: PCS | J27: ='INVOICE FOR CNY'!J27/6.79 -> 22.680412 | K27: =H27*J27 -> 45.360825 | L27: 870829 | M27: NO.16
A28: 17 | B28: PRS260510032 | C28: ชุดลิมิตเตอร์ | D28: เหล็ก | E28: LIMITER ASSEMBLY | F28: 455019938/XGA50XEAW591-02111 | G28: XGA1150550700 | H28: 2 | I28: PCS | J28: ='INVOICE FOR CNY'!J28/6.79 -> 9.2783505 | K28: =H28*J28 -> 18.556701 | L28: 853650 | M28: NO.17
A29: 18 | B29: PRS260510032 | C29: เซ็นเซอร์แรงดันอากาศ | D29: เหล็ก | E29: AIR PRESSURE SENSOR | F29: 453808374/38HKFW211-30010 | G29: XGA1150457020 | H29: 4 | I29: PCS | J29: ='INVOICE FOR CNY'!J29/6.79 -> 10.162003 | K29: =H29*J29 -> 40.648012 | L29: 853690 | M29: NO.18
A30: 19 | B30: PRS260510032 | C30: แผงคอยล์ร้อน | D30: เหล็ก | E30: CONDENSER ASSEMBLY | F30: 458108700/XGA81AMSE111-050100_ | G30: XGA1150439030 | H30: 3 | I30: PCS | J30: ='INVOICE FOR CNY'!J30/6.79 -> 43.004418 | K30: =H30*J30 -> 129.01325 | L30: 732690 | M30: NO.19
A31: 20 | B31: PRS260510032 | C31: ท่อแรงดันต่ำสามทางถึงคอยล์เย็น | D31: เหล็ก | E31: LOW PRESSURE PIPE - T-JUNCTION TO EVAPORATOR SECTION | F31: 4581007526 | G31: XGA1150431140 | H31: 3 | I31: PCS | J31: ='INVOICE FOR CNY'!J31/6.79 -> 13.254786 | K31: =H31*J31 -> 39.764359 | L31: 400921 | M31: NO.20
A32: 21 | B32: PRS260510032 | C32: สายจากคอนโทรลมือเข้าวาล์วแรงดัน | D32: เหล็ก | E32: HIGH-PRESSURE PIPE – VALVE STEAM SECTION | F32: 4581007525 | G32: XGA1150431100 | H32: 3 | I32: PCS | J32: ='INVOICE FOR CNY'!J32/6.79 -> 10.603829 | K32: =H32*J32 -> 31.811487 | L32: 854430 | M32: NO.21
A33: 22 | B33: PRS260510032 | C33: ท่อแรงดันสูงวาล์วความเย็น | D33: เหล็ก | E33: HIGH PRESSURE PIPE - COOLING VALVE SECTION | F33: 4581007527 | G33: XGA1150431090 | H33: 3 | I33: PCS | J33: ='INVOICE FOR CNY'!J33/6.79 -> 10.162003 | K33: =H33*J33 -> 30.486009 | L33: 400921 | M33: NO.22
A34: 23 | B34: PRS260510032 | C34: ช่องเสียบ USB | D34: เหล็ก | E34: USB INTERFACE | F34: 453717729/XGA37AMSN111-260200 | G34: XGA1150411030 | H34: 3 | I34: PCS | J34: ='INVOICE FOR CNY'!J34/6.79 -> 7.5110457 | K34: =H34*J34 -> 22.533137 | L34: 853690 | M34: NO.23
A35: 24 | B35: PRS260510032 | C35: ช่องจ่ายไฟ | D35: เหล็ก | E35: 24V POWER OUTLET | F35: 453717739/XGA37AMSN111-260400 | G35: XGA1150411020 | H35: 3 | I35: PCS | J35: ='INVOICE FOR CNY'!J35/6.79 -> 1.3254786 | K35: =H35*J35 -> 3.9764359 | L35: 853690 | M35: NO.24
A36: 25 | B36: PRS260510032 | C36: ชุดสวิทซ์เปิด-ปิดกระจก | D36: เหล็ก | E36: ELECTRIC WINDOW MAIN SWITCH | F36: 453719236/XGA37AKSE111-460100 | G36: XGA1150399010 | H36: 3 | I36: PCS | J36: ='INVOICE FOR CNY'!J36/6.79 -> 4.712813 | K36: =H36*J36 -> 14.138439 | L36: 853710 | M36: NO.25
A37: 26 | B37: PRS260510032 | C37: สวิทช์เกียร์ | D37: เหล็ก | E37: INTER-WHEEL DIFFERENTIAL LOCK SWITCH | F37: 459357670/XGA37AKSE111-920190 | G37: XGA1150387090 | H37: 5 | I37: PCS | J37: ='INVOICE FOR CNY'!J37/6.79 -> 1.9145803 | K37: =H37*J37 -> 9.5729013 | L37: 853710 | M37: NO.26
A38: 27 | B38: PRS260510032 | C38: สวิทซ์เปิด-ปิดสัญญาณ | D38: เหล็ก | E38: LOW SPEED ALARM OFF SWITCH | F38: 459355728/ XGA37AKSE321-920210 | G38: XGA1150387080 | H38: 5 | I38: PCS | J38: ='INVOICE FOR CNY'!J38/6.79 -> 2.2091311 | K38: =H38*J38 -> 11.045655 | L38: 853710 | M38: NO.27
A39: 28 | B39: PRS260510032 | C39: ข้อต่อไฮดรอลิค | D39: เหล็ก | E39: COMPRESSION FITTING PARTITIONED RIGHT ANGLE CONNECTOR BODY | F39: 819958812/Q81412 | G39: XGA1150357010 | H39: 20 | I39: PCS | J39: ='INVOICE FOR CNY'!J39/6.79 -> 1.1782032 | K39: =H39*J39 -> 23.564065 | L39: 732690 | M39: NO.28
A40: 29 | B40: PRS260510032 | C40: ท่อกรองอากาศปั้มลมเข้าปั้มลม | D40: เหล็ก | E40: HIGH-TEMPERATURE RESISTANT PIPE ASSEMBLY | F40: 4535004234 | G40: XGA1150351010 | H40: 2 | I40: PCS | J40: ='INVOICE FOR CNY'!J40/6.79 -> 9.4256259 | K40: =H40*J40 -> 18.851252 | L40: 400921 | M40: NO.29
A41: 30 | B41: PRS260510032 | C41: ชุดกรองอากาศ | D41: เหล็ก | E41: AIR FILTER | F41: 453533107/XGA35EWZF418-09220 | G41: XGA1150341020 | H41: 2 | I41: PCS | J41: ='INVOICE FOR CNY'!J41/6.79 -> 33.136966 | K41: =H41*J41 -> 66.273932 | L41: 842131 | M41: NO.30
A42: 31 | B42: PRS260510032 | C42: ถังลม | D42: เหล็ก | E42: AIR STORAGE ASSEMBLY | F42: 453521628/XGA3513DFH131-010 | G42: XGA1150337040 | H42: 2 | I42: PCS | J42: ='INVOICE FOR CNY'!J42/6.79 -> 53.313697 | K42: =H42*J42 -> 106.62739 | L42: 732690 | M42: NO.31
A43: 32 | B43: PRS260510032 | C43: ถังลม | D43: เหล็ก | E43: AIR STORAGE ASSEMBLY | F43: 453522787/XGA3513WJLY121-030 | G43: XGA1150335040 | H43: 2 | I43: PCS | J43: ='INVOICE FOR CNY'!J43/6.79 -> 59.499264 | K43: =H43*J43 -> 118.99853 | L43: 732690 | M43: NO.32
A44: 33 | B44: PRS260510032 | C44: น็อตจับข้อต่อ | D44: เหล็ก | E44: GRAND NUT | F44: 453502323/NCL35SRC-06026 | G44: XGA1150327170 | H44: 12 | I44: PCS | J44: ='INVOICE FOR CNY'!J44/6.79 -> 0.73637703 | K44: =H44*J44 -> 8.8365243 | L44: 731815 | M44: NO.33
A45: 34 | B45: PRS260510032 | C45: ข้อต่องอ 90 องศา | D45: เหล็ก | E45: PARTITION TYPE PIPE ELBOW FITTINGS | F45: 453502458/NCL35DM-06304 | G45: XGA1150327110 | H45: 20 | I45: PCS | J45: ='INVOICE FOR CNY'!J45/6.79 -> 2.3564065 | K45: =H45*J45 -> 47.12813 | L45: 732690 | M45: NO.34
A46: 35 | B46: PRS260510032 | C46: สายไฮดรอลิค | D46: เหล็ก | E46: HOSE ASSEMBLY | F46: 453507231/Q-22-500W | G46: XGA1150327100 | H46: 10 | I46: PCS | J46: ='INVOICE FOR CNY'!J46/6.79 -> 2.2091311 | K46: =H46*J46 -> 22.091311 | L46: 400941 | M46: NO.35
A47: 36 | B47: PRS260510032 | C47: วาล์วไล่ลมเร็ว | D47: เหล็ก | E47: QUICK RELEASE VALVE | F47: 453524964/3533DFW817-010 | G47: XGA1150327080 | H47: 3 | I47: PCS | J47: ='INVOICE FOR CNY'!J47/6.79 -> 3.6818851 | K47: =H47*J47 -> 11.045655 | L47: 848180 | M47: NO.36
A48: 37 | B48: PRS260510032 | C48: ข้อต่อตรง | D48: เหล็ก | E48: JOINT | F48: 453502744/NXG35PAW421-06638 | G48: XGA1150327060 | H48: 50 | I48: PCS | J48: ='INVOICE FOR CNY'!J48/6.79 -> 2.0618557 | K48: =H48*J48 -> 103.09278 | L48: 732690 | M48: NO.37
A49: 38 | B49: PRS260510032 | C49: สายเบรคจากหม้อลมเข้าวาล์วเท้าเหยียบเบรค | D49: เหล็ก | E49: CHASSIS BRAKE NYLON TUBE ASSEMBLY | F49: 4535015390 | G49: XGA1150319040 | H49: 2 | I49: PCS | J49: ='INVOICE FOR CNY'!J49/6.79 -> 72.75405 | K49: =H49*J49 -> 145.5081 | L49: 854430 | M49: NO.38
A50: 39 | B50: PRS260510032 | C50: ชุดโซลินอยวาล์ว 2ทาง | D50: เหล็ก | E50: DUAL SOLENOID VALVE ASSEMBLY | F50: 4537009506 | G50: XGA1150305020 | H50: 5 | I50: PCS | J50: ='INVOICE FOR CNY'!J50/6.79 -> 20.17673 | K50: =H50*J50 -> 100.88365 | L50: 853690 | M50: NO.39
A51: 40 | B51: PRS260510032 | C51: สวิทซ์เบรคมือ | D51: เหล็ก | E51: PARKING PRESSURE SWITCH | F51: 453810024/XGA38AMSN111-800300 | G51: XGA1150297020 | H51: 5 | I51: PCS | J51: ='INVOICE FOR CNY'!J51/6.79 -> 3.5346097 | K51: =H51*J51 -> 17.673049 | L51: 853710 | M51: NO.40
A52: 41 | B52: PRS260510032 | C52: สวิทซ์เบรคมือ | D52: เหล็ก | E52: DRYING MACHINE PRESSURE SWITCH | F52: 453810330/XGA38AMSH111-800310 | G52: XGA1150297010 | H52: 5 | I52: PCS | J52: ='INVOICE FOR CNY'!J52/6.79 -> 4.5655376 | K52: =H52*J52 -> 22.827688 | L52: 853710 | M52: NO.41
A53: 42 | B53: PRS260510032 | C53: เพลาข้าง | D53: เหล็ก | E53: HALF SHAFT | F53: 459349480/HD90009340693 | G53: XGA1150281520 | H53: 2 | I53: PCS | J53: ='INVOICE FOR CNY'!J53/6.79 -> 71.134021 | K53: =H53*J53 -> 142.26804 | L53: 870850 | M53: NO.42
A54: 43 | B54: PRS260510032 | C54: มอเตอร์ปัดน้ำฝน | D54: เหล็ก | E54: WIPE MOTOR ASSEMBLY | F54: 453719169/L9822010040-YZ | G54: XGA1150270400 | H54: 2 | I54: PCS | J54: ='INVOICE FOR CNY'!J54/6.79 -> 21.354934 | K54: =H54*J54 -> 42.709867 | L54: 850110 | M54: NO.43
A55: 44 | B55: PRS260510032 | C55: ก้านปัดน้ำฝนซ้าย | D55: เหล็ก | E55: LEFT WIPER ARM | F55: 455201966/ L9822010010-YZ | G55: XGA1150270300 | H55: 4 | I55: PCS | J55: ='INVOICE FOR CNY'!J55/6.79 -> 6.4801178 | K55: =H55*J55 -> 25.920471 | L55: 732690 | M55: NO.44
A56: 45 | B56: PRS260510032 | C56: ก้านปัดน้ำฝนขวา | D56: เหล็ก | E56: RIGHT WIPER ARM | F56: 455201968/L9822010020-YZ | G56: XGA1150270200 | H56: 4 | I56: PCS | J56: ='INVOICE FOR CNY'!J56/6.79 -> 6.4801178 | K56: =H56*J56 -> 25.920471 | L56: 732690 | M56: NO.45
A57: 46 | B57: PRS260510032 | C57: ใบปัดน้ำฝนหน้า | D57: เหล็ก | E57: WIPER LINKAGE ASSEMBLY | F57: 455201963/L9822010030-YZ | G57: XGA1150270100 | H57: 2 | I57: PCS | J57: ='INVOICE FOR CNY'!J57/6.79 -> 9.4256259 | K57: =H57*J57 -> 18.851252 | L57: 851290 | M57: NO.46
A58: 47 | B58: PRS260510032 | C58: สาแหรกแหนบหลัง | D58: เหล็ก | E58: U-BOLT - REAR SUSPENSION | F58: 452910273/XGA29EXEA591-20481 | G58: XGA1150257080 | H58: 12 | I58: PCS | J58: ='INVOICE FOR CNY'!J58/6.79 -> 9.5729013 | K58: =H58*J58 -> 114.87482 | L58: 870850 | M58: NO.47
A59: 48 | B59: PRS260510032 | C59: แผ่นรองขาจับชุดแหนบหลัง | D59: เหล็ก | E59: EXEA592 REAR SPRING PAD | F59: 4529001112 | G59: XGA1150257050 | H59: 6 | I59: PCS | J59: ='INVOICE FOR CNY'!J59/6.79 -> 10.014728 | K59: =H59*J59 -> 60.088365 | L59: 731822 | M59: NO.48
A60: 49 | B60: PRS260510032 | C60: ยางกันกระแทกแหนบหลัง | D60: ยาง | E60: SPACER BLOCK - REAR SUSPENSION | F60: 452904276/NXG29NMAY361-02123 | G60: XGA1150257030 | H60: 4 | I60: PCS | J60: ='INVOICE FOR CNY'!J60/6.79 -> 16.936672 | K60: =H60*J60 -> 67.746686 | L60: 401699 | M60: NO.49
A61: 50 | B61: PRS260510032 | C61: บู้ชหูแหนบ | D61: เหล็ก | E61: POSITIONING PIN SLEEVE | F61: 452901804/NCL29DUH-02123 | G61: XGA1150257020 | H61: 20 | I61: PCS | J61: ='INVOICE FOR CNY'!J61/6.79 -> 0.58910162 | K61: =H61*J61 -> 11.782032 | L61: 732690 | M61: NO.50
A62: 51 | B62: PRS260510032 | C62: ซองแหนบ | D62: เหล็ก | E62: LUG END BRACKET ASSEMBLY - REAR SUSPENSION | F62: 452908492/XGA29XSAY571-50630 | G62: XGA1150253100 | H62: 4 | I62: PCS | J62: ='INVOICE FOR CNY'!J62/6.79 -> 22.385862 | K62: =H62*J62 -> 89.543446 | L62: 732010 | M62: NO.51
A63: 52 | B63: PRS260510032 | C63: โตงเตงแหนบ | D63: เหล็ก | E63: LIFTING EYE | F63: 452908488/XGA29XSAY571-50691 | G63: XGA1150253090 | H63: 4 | I63: PCS | J63: ='INVOICE FOR CNY'!J63/6.79 -> 20.913108 | K63: =H63*J63 -> 83.65243 | L63: 870850 | M63: NO.52
A64: 53 | B64: PRS260510032 | C64: กระจกหน้า | D64: กระจก | E64: A MICROWAVE WINDSHIELD (1995) | F64: 459349582/L9510010001-A | G64: XGA1150250200 | H64: 5 | I64: PCS | J64: ='INVOICE FOR CNY'!J64/6.79 -> 69.513991 | K64: =H64*J64 -> 347.56996 | L64: 700992 | M64: NO.53
A65: 54 | B65: PRS260510032 | C65: ยางขอบกระจกหน้า | D65: ยาง | E65: WINDSHIELD WEATHERSTRIPPING | F65: 455201967/L9510020001 | G65: XGA1150250100 | H65: 5 | I65: PCS | J65: ='INVOICE FOR CNY'!J65/6.79 -> 20.324006 | K65: =H65*J65 -> 101.62003 | L65: 401699 | M65: NO.54
A66: 55 | B66: PRS260510032 | C66: ขาจับโตงเตงหูแหนบหน้า | D66: เหล็ก | E66: LUG END BRACKET | F66: 452909508 | G66: XGA1150247190 | H66: 4 | I66: PCS | J66: ='INVOICE FOR CNY'!J66/6.79 -> 13.254786 | K66: =H66*J66 -> 53.019146 | L66: 870880 | M66: NO.55
A67: 56 | B67: PRS260510032 | C67: โตงเตงหูแหนบหน้าพร้อมบู้ช | D67: เหล็ก | E67: LIFTING LUG WITH BUSHING ASSEMBLY | F67: 452908574/XGA29YPLW6F1-01285 | G67: XGA1150247170 | H67: 4 | I67: PCS | J67: ='INVOICE FOR CNY'!J67/6.79 -> 13.696613 | K67: =H67*J67 -> 54.786451 | L67: 870850 | M67: NO.56
A68: 57 | B68: PRS260510032 | C68: แหวนรองสลัก | D68: เหล็ก | E68: PAD | F68: 452908566/XGA29YPLW6F1-01253 | G68: XGA1150247160 | H68: 16 | I68: PCS | J68: ='INVOICE FOR CNY'!J68/6.79 -> 0.73637703 | K68: =H68*J68 -> 11.782032 | L68: 731822 | M68: NO.57
A69: 58 | B69: PRS260510032 | C69: สลักหูแหนบ | D69: เหล็ก | E69: LEAF SPRING PIN - FOR HANGER LUG | F69: 452908523/XGA29XSAY571-40161 | G69: XGA1150247150 | H69: 4 | I69: PCS | J69: ='INVOICE FOR CNY'!J69/6.79 -> 3.5346097 | K69: =H69*J69 -> 14.138439 | L69: 731824 | M69: NO.58
A70: 59 | B70: PRS260510032 | C70: โตงเตงหูแหนบ | D70: เหล็ก | E70: BRACKET - SUSPENSION | F70: 452909507 | G70: XGA1150247040 | H70: 4 | I70: PCS | J70: ='INVOICE FOR CNY'!J70/6.79 -> 15.022091 | K70: =H70*J70 -> 60.088365 | L70: 870850 | M70: NO.59
A71: 60 | B71: PRS260510032 | C71: สลักหูแหนบ | D71: เหล็ก | E71: STEEL PLATE SPRING PIN - FIXED END | F71: 452908519/XGA29XSAY571-40151 | G71: XGA1150247030 | H71: 6 | I71: PCS | J71: ='INVOICE FOR CNY'!J71/6.79 -> 3.5346097 | K71: =H71*J71 -> 21.207658 | L71: 731824 | M71: NO.60
A72: 61 | B72: PRS260510032 | C72: ชุดสกรูจับโตงเตงหูแหนบ | D72: เหล็ก | E72: SPRING PIN POSITIONING BOLT-FRONT SUSPENSION + RONDELLA 12 + 1 TYPE HEXAGON NUTS | F72: 452901713 + 860123356 + 805239591 | G72: XGA1150247010 | H72: 10 | I72: PCS | J72: ='INVOICE FOR CNY'!J72/6.79 -> 1.6200295 | K72: =H72*J72 -> 16.200295 | L72: 731815 | M72: NO.61
A73: 62 | B73: PRS260510032 | C73: สาแหรกแหนบหน้า | D73: เหล็ก | E73: U-BOLT - FRONT SUSPENSION | F73: 452911771/TUXLS00018180 | G73: XGA1150241060 | H73: 5 | I73: PCS | J73: ='INVOICE FOR CNY'!J73/6.79 -> 2.3564065 | K73: =H73*J73 -> 11.782032 | L73: 870850 | M73: NO.62
A74: 63 | B74: PRS260510032 | C74: แผงควบคุม | D74: เหล็ก | E74: AUXILIARY DRIVE CONTROL BOARD | F74: 459348030/2027535 | G74: XGA1150235200 | H74: 1 | I74: PC | J74: ='INVOICE FOR CNY'!J74/6.79 -> 455.96465 | K74: =H74*J74 -> 455.96465 | L74: 853720 | M74: NO.63
A75: 64 | B75: PRS260510032 | C75: ฟิวส์ชุดบนขนาดใหญ่ | D75: เหล็ก | E75: MAIN UPPER STRUCTURE FUSE | F75: 459348028/28030439 | G75: XGA1150235180 | H75: 2 | I75: PCS | J75: ='INVOICE FOR CNY'!J75/6.79 -> 33.578792 | K75: =H75*J75 -> 67.157585 | L75: 853690 | M75: NO.64
A76: 65 | B76: PRS260510032 | C76: ตัวต้านทานบัฟเฟอร์ชุดบน | D76: เหล็ก | E76: UPPER STRUCTURE BUFFER RESISTOR | F76: 459348027/4030026 | G76: XGA1150235170 | H76: 2 | I76: PCS | J76: ='INVOICE FOR CNY'!J76/6.79 -> 14.874816 | K76: =H76*J76 -> 29.749632 | L76: 401699 | M76: NO.65
A77: 66 | B77: PRS260510032 | C77: ตัวต้านทานบัฟเฟอร์ TM | D77: เหล็ก | E77: TM BUFFER RESISTOR | F77: 459348026/4030025 | G77: XGA1150235160 | H77: 1 | I77: PC | J77: ='INVOICE FOR CNY'!J77/6.79 -> 15.022091 | K77: =H77*J77 -> 15.022091 | L77: 401699 | M77: NO.66
A78: 67 | B78: PRS260510032 | C78: ฟิวส์ไล่ฝ้าไฟฟ้า | D78: เหล็ก | E78: ELECTRIC DEFROST FUSE | F78: 459348025/28030501 | G78: XGA1150235150 | H78: 5 | I78: PCS | J78: ='INVOICE FOR CNY'!J78/6.79 -> 6.185567 | K78: =H78*J78 -> 30.927835 | L78: 853690 | M78: NO.67
A79: 68 | B79: PRS260510032 | C79: ฟิวส์แอร์ไฟฟ้า | D79: เหล็ก | E79: ELECTRIC AIR CONDITIONING FUSE | F79: 459348024/28030302 | G79: XGA1150235140 | H79: 5 | I79: PCS | J79: ='INVOICE FOR CNY'!J79/6.79 -> 6.0382916 | K79: =H79*J79 -> 30.191458 | L79: 853690 | M79: NO.68
A80: 69 | B80: PRS260510032 | C80: ฟิวส์ DCDC | D80: เหล็ก | E80: DC-DC FUSE | F80: 459348023/28030406 | G80: XGA1150235130 | H80: 5 | I80: PCS | J80: ='INVOICE FOR CNY'!J80/6.79 -> 5.8910162 | K80: =H80*J80 -> 29.455081 | L80: 853690 | M80: NO.69
A81: 70 | B81: PRS260510032 | C81: ฟิวส์ ACM | D81: เหล็ก | E81: ACM FUSE | F81: 459348022/28030356 | G81: XGA1150235120 | H81: 5 | I81: PCS | J81: ='INVOICE FOR CNY'!J81/6.79 -> 6.0382916 | K81: =H81*J81 -> 30.191458 | L81: 853690 | M81: NO.70
A82: 71 | B82: PRS260510032 | C82: คอนแทคเตอร์ฮีตเตอร์ไฟฟ้า | D82: เหล็ก | E82: ELECTRIC HEATING CONTACTOR | F82: 459348021/12020253 | G82: XGA1150235110 | H82: 5 | I82: PCS | J82: ='INVOICE FOR CNY'!J82/6.79 -> 37.113402 | K82: =H82*J82 -> 185.56701 | L82: 853690 | M82: NO.71
... A91: 80 | B91: PRS260510032 | C91: แผงคาปาซิเตอร์กรองสัญญาณ | D91: เหล็ก | E91: FILTER CAPACITOR BOARD | F91: 459348011/2025112 | G91: XGA1150235010 | H91: 1 | I91: PC | J91: ='INVOICE FOR CNY'!J91/6.79 -> 7.2164948 | K91: =H91*J91 -> 7.2164948 | L91: 853290 | M91: NO.80
A92: 81 | B92: PRS260510032 | C92: พัดลมระบายความร้อนหม้อน้ำ | D92: เหล็ก | E92: ELECTRONIC FAN | F92: 452107249 | G92: XGA1150187010 | H92: 3 | I92: PCS | J92: ='INVOICE FOR CNY'!J92/6.79 -> 95.581738 | K92: =H92*J92 -> 286.74521 | L92: 843120 | M92: NO.81
A93: 82 | B93: PRS260510032 | C93: ชุดหม้อน้ำพร้อมพัดลม | D93: เหล็ก | E93: COOLING MODULE ASSEMBLY | F93: 452107272 | G93: XGA1150185010 | H93: 2 | I93: PCS | J93: ='INVOICE FOR CNY'!J93/6.79 -> 171.42857 | K93: =H93*J93 -> 342.85714 | L93: 870891 | M93: NO.82
A94: 83 | B94: PRS260510032 | C94: ท่อน้ำออกควบคุมไฟฟ้า | D94: เหล็ก | E94: ELECTRICALLY CONTROLLED WATER OUTLET HOSE | F94: 4513004563/XGA13AKLE761R-030340 | G94: XGA1150179310 | H94: 2 | I94: PCS | J94: ='INVOICE FOR CNY'!J94/6.79 -> 7.9528719 | K94: =H94*J94 -> 15.905744 | L94: 400921 | M94: NO.83
A95: 84 | B95: PRS260510032 | C95: ท่อยางน้ำออกควบคุมไฟฟ้า | D95: ยาง | E95: ELECTRICALLY CONTROLLED WATER OUTLET HOSE | F95: 4513004554/XGA13AKLE761R-030260 | G95: XGA1150179280 | H95: 2 | I95: PCS | J95: ='INVOICE FOR CNY'!J95/6.79 -> 1.9145803 | K95: =H95*J95 -> 3.8291605 | L95: 400921 | M95: NO.84
A96: 85 | B96: PRS260510032 | C96: ท่อยางไล่อากาศ | D96: ยาง | E96: DEAERATOR HOSE | F96: 4513004557/XGA13AKLE761R-030230 | G96: XGA1150179220 | H96: 2 | I96: PCS | J96: ='INVOICE FOR CNY'!J96/6.79 -> 1.4727541 | K96: =H96*J96 -> 2.9455081 | L96: 400921 | M96: NO.85
A97: 86 | B97: PRS260510032 | C97: ท่อยางน้ำกลับล่าง | D97: ยาง | E97: LOWER RETURN HOSE | F97: 4513004556/XGA13AKLE761R-030240 | G97: XGA1150179210 | H97: 2 | I97: PCS | J97: ='INVOICE FOR CNY'!J97/6.79 -> 1.9145803 | K97: =H97*J97 -> 3.8291605 | L97: 400921 | M97: NO.86
A98: 87 | B98: PRS260510032 | C98: แป๊บน้ำ | D98: เหล็ก | E98: RETURN WATER STEEL PIPE | F98: 4513004553/XGA13AKLE761R-030270 | G98: XGA1150179150 | H98: 3 | I98: PCS | J98: ='INVOICE FOR CNY'!J98/6.79 -> 15.022091 | K98: =H98*J98 -> 45.066274 | L98: 730711 | M98: NO.87
A99: 88 | B99: PRS260510032 | C99: ท่อน้ำจากปั๊มน้ำไปชุดขับเคลื่อน | D99: เหล็ก | E99: RADIATOR - WATER PUMP TO DRIVE SYSTEM SECTION | F99: 4513004562/XGA13AKLE761R-030180 | G99: XGA1150179140 | H99: 2 | I99: PCS | J99: ='INVOICE FOR CNY'!J99/6.79 -> 2.2091311 | K99: =H99*J99 -> 4.4182622 | L99: 400921 | M99: NO.88
A100: 89 | B100: PRS260510032 | C100: ท่อยางไล่อากาศหน้า | D100: ยาง | E100: FRONT DEAERATOR HOSE | F100: 4513004558/XGA13AKLE761R-030220 | G100: XGA1150179130 | H100: 2 | I100: PCS | J100: ='INVOICE FOR CNY'!J100/6.79 -> 1.3254786 | K100: =H100*J100 -> 2.6509573 | L100: 400921 | M100: NO.89
A101: 90 | B101: PRS260510032 | C101: ท่อยางน้ำกลับหน้า | D101: เหล็ก | E101: FRONT RETURN HOSE | F101: 4513004561/XGA13AKLE761R-030190 | G101: XGA1150179120 | H101: 2 | I101: PCS | J101: ='INVOICE FOR CNY'!J101/6.79 -> 1.9145803 | K101: =H101*J101 -> 3.8291605 | L101: 400921 | M101: NO.90
A102: 91 | B102: PRS260510032 | C102: ท่อต่อตรง | D102: เหล็ก | E102: VARIABLE DIAMETER STRAIGHT HOSE -25-38 | F102: 452108040/XGA21EXLL591-27433 | G102: XGA1150179110 | H102: 3 | I102: PCS | J102: ='INVOICE FOR CNY'!J102/6.79 -> 0.73637703 | K102: =H102*J102 -> 2.2091311 | L102: 400921 | M102: NO.91
A103: 92 | B103: PRS260510032 | C103: ข้อต่อ 3 ทาง | D103: เหล็ก | E103: T-JOINT | F103: 452100553/XGA21WJLA211-27036 | G103: XGA1150179090 | H103: 3 | I103: PCS | J103: ='INVOICE FOR CNY'!J103/6.79 -> 3.5346097 | K103: =H103*J103 -> 10.603829 | L103: 732690 | M103: NO.92
A104: 93 | B104: PRS260510032 | C104: ท่อน้ำกลับไปหม้อน้ำ | D104: เหล็ก | E104: RETURN HOSE - TO RADIATOR SECTION | F104: 4513004559/XGA13AKLE761R-030210 | G104: XGA1150179070 | H104: 2 | I104: PCS | J104: ='INVOICE FOR CNY'!J104/6.79 -> 4.2709867 | K104: =H104*J104 -> 8.5419735 | L104: 400921 | M104: NO.93
A105: 94 | B105: PRS260510032 | C105: ท่อน้ำออกหม้อน้ำไปปั๊มน้ำ | D105: เหล็ก | E105: RADIATOR - OUTLET HOSE TO WATER PUMP | F105: 4513004560/XGA13AKLE761R-030200 | G105: XGA1150179060 | H105: 2 | I105: PCS | J105: ='INVOICE FOR CNY'!J105/6.79 -> 1.1782032 | K105: =H105*J105 -> 2.3564065 | L105: 400921 | M105: NO.94
... A115: 104 | B115: PRS260510032 | C115: กระปุกพวงมาลัยพาวเวอร์ | D115: เหล็ก | E115: POWER STEERING ASSEMBLY | F115: 453410248/XGA34XEAS191R-10120 | G115: XGA1150133010 | H115: 1 | I115: PC | J115: ='INVOICE FOR CNY'!J115/6.79 -> 223.56406 | K115: =H115*J115 -> 223.56406 | L115: 870894 | M115: NO.104
A116: 105 | B116: PRS260510032 | C116: พวงมาลัย | D116: เหล็ก | E116: MULTI-FUNCTION STEERING WHEEL ASSEMBLY | F116: 4534005978 | G116: XGA1150127040 | H116: 1 | I116: PC | J116: ='INVOICE FOR CNY'!J116/6.79 -> 50.220913 | K116: =H116*J116 -> 50.220913 | L116: 870894 | M116: NO.105
A117: 106 | B117: PRS260510032 | C117: กะทะล้อ | D117: เหล็ก | E117: STEEL RING ASSEMBLY | F117: 453103764/XGA31EXEA591-00125 7.00T-20 | G117: XGA1150121020 | H117: 8 | I117: PCS | J117: ='INVOICE FOR CNY'!J117/6.79 -> 75.846834 | K117: =H117*J117 -> 606.77467 | L117: 870870 | M117: NO.106
...

Sheet INVOICE FOR CNY
A1: ISSUER:XIAMEN SUTE CONSTRUCTION MACHINERY CO., LTD. | K1: INVOICE
A2: Add:No. 1-103, Fengshan West Road, Fengshan Community, Haicang District, Xiamen City, China
A3: Tel: 0086 592 6264338, Fax: 0086 592 5556820, Mob: 0086 18650178968
A4: TO:O.C.R. CO., LTD.
A5: Add2/2 Mu 7,Tambon Klongsai,Amphoe Natawi,Changwat Songkhla 90160,Thailand
A6: Tel:+66 74 255-897,Fax:+66 74 255898
A7: Marks:O.C.R. CO., LTD | H7: INV NO.: ST/OCR26326T1 | K7: DATE:2026-06-30
A8: Ship from: Xiamen China | K8: To: Laem Chabang Thailand
A9: DESCRIPTION | H9: QTY | I9: UNIT | J9: UNIT PRICE | K9: AMOUNT | L9: HS.code | M9: FIGURE NO.
A10: SL | B10: PR NO. | C10: THAI NAME | D10: MATERIAL | E10: ENGLISH NAME | F10: PART NO. | G10: OCR NO. | J10: CNY | K10: CNY
A11: TRUCK SPARE PARTS
A12: 1 | B12: PRS260510032 | C12: กล่องควบคุมABS | D12: เหล็ก | E12: ABS CONTROLLER (KEMI) | F12: 453603771/XGA36HKFW211-30201 | G12: XGA4253880300 | H12: 1 | I12: PC | J12: 421 | K12: =H12*J12 -> 421 | L12: 853710 | M12: NO.1
A13: 2 | B13: PRS260510032 | C13: วาล์วรีเลย์4 ทาง | D13: เหล็ก | E13: RLAY VALVE ASSEMBLY | F13: 453502216/NXG3527WLFW6B1-010 | G13: XGA4250778090 | H13: 2 | I13: PCS | J13: 94 | K13: =H13*J13 -> 188 | L13: 848180 | M13: NO.2
A14: 3 | B14: PRS260510032 | C14: ยางกันกระแทกแหนบหน้า | D14: ยาง | E14: LIMIT BLOCK - FRONT SUSPENSION | F14: 452906875/XGA29HEFW211-01106 | G14: XGA4250668020 | H14: 4 | I14: PCS | J14: 19 | K14: =H14*J14 -> 76 | L14: 401699 | M14: NO.3
A15: 4 | B15: PRS260510032 | C15: สกรูจับสลักโตงเตงแหนบหน้า | D15: เหล็ก | E15: SPRING PIN LOCATING BOLT | F15: 452902661/NXG29KFW111-01054 | G15: XGA3252980100 | H15: 10 | I15: PCS | J15: 3 | K15: =H15*J15 -> 30 | L15: 731815 | M15: NO.4
A16: 5 | B16: PRS260510032 | C16: สายสลิงล็อคก้ามเบรค(สั้น) | D16: เหล็ก | E16: WEAR ALARM JUMPER WIRE | F16: 459306729/HD90009580001 | G16: XGA3252802610 | H16: 2 | I16: PCS | J16: 51 | K16: =H16*J16 -> 102 | L16: 731210 | M16: NO.5
A17: 6 | B17: PRS260510032 | C17: น็อตจับข้อต่อสายลม | D17: เหล็ก | E17: INTERNAL SERRATED LOCKING WASHER | F17: 805339139 | G17: XGA3252112202 | H17: 5 | I17: PCS | J17: 44 | K17: =H17*J17 -> 220 | L17: 731815 | M17: NO.6
A18: 7 | B18: PRS260510032 | C18: ข้อต่อวาล์ว | D18: เหล็ก | E18: END TYPE CONNECTOR+SEAL WASHER | F18: 453505137 + 805339161 | G18: XGA3250426060 | H18: 20 | I18: PCS | J18: 11 | K18: =H18*J18 -> 220 | L18: 732690 | M18: NO.7
A19: 8 | B19: PRS260510032 | C19: ข้อต่อวาล์ว(ตรง) | D19: เหล็ก | E19: HOLLOW BOLT+CIRCLIP+SPECIAL SECTION SEAL | F19: 453505138 + 453505139 + 453505140 | G19: XGA3250424070 | H19: 20 | I19: PCS | J19: 12 | K19: =H19*J19 -> 240 | L19: 732690 | M19: NO.8
A20: 9 | B20: PRS260510032 | C20: ข้อต่อ(ตรง)หางไหลหม้อน้ำลมเบรค | D20: เหล็ก | E20: HOLLOW BOLT+CIRCLIP+SPECIAL SECTION SEAL | F20: 453505131 + 453505132 + 453505133 | G20: XGA3250416010 | H20: 50 | I20: PCS | J20: 13 | K20: =H20*J20 -> 650 | L20: 732690 | M20: NO.9
A21: 10 | B21: PRS260510032 | C21: โช๊คอัพ | D21: เหล็ก | E21: SHOCK ABSORBER ASSEMBLY | F21: 452906971/XGA2921YPAY132-010 | G21: XGA3250376010 | H21: 4 | I21: PCS | J21: 147 | K21: =H21*J21 -> 588 | L21: 870880 | M21: NO.10
A22: 11 | B22: PRS260510032 | C22: ขอบบังโคลนหน้าซ้าย | D22: เหล็ก | E22: LEFT FRONT FENDER ASSEMBLY | F22: 4584002159 | G22: XGA1150990400 | H22: 2 | I22: PCS | J22: 105 | K22: =H22*J22 -> 210 | L22: 732690 | M22: NO.11
A23: 12 | B23: PRS260510032 | C23: ขอบบังโคลนหน้าขวา | D23: เหล็ก | E23: RIGHT FRONT FENDER ASSEMBLY | F23: 4584002158 | G23: XGA1150990100 | H23: 12 | I23: PCS | J23: 105 | K23: =H23*J23 -> 1260 | L23: 732690 | M23: NO.12
A24: 13 | B24: PRS260510032 | C24: เซ็นเซอร์อุณหภูมิ | D24: เหล็ก | E24: OUTDOOR TEMPERATURE SENSOR | F24: 458108684/XGA81AMSE111-030500 | G24: XGA1150690600 | H24: 2 | I24: PCS | J24: 17 | K24: =H24*J24 -> 34 | L24: 853690 | M24: NO.13
A25: 14 | B25: PRS260510032 | C25: ชุดกระจังหน้า | D25: เหล็ก | E25: FRONT GRILLE ASSEMBLY INCLUDE FRONT LOGO ASSEMBLY | F25: 453906704 + 455312866 | G25: XGA1150690400 | H25: 3 | I25: PCS | J25: 502 | K25: =H25*J25 -> 1506 | L25: 732690 | M25: NO.14
A26: 15 | B26: PRS260510032 | C26: แผงหน้าปัด | D26: เหล็ก | E26: FRONT PANEL ASSEMBLY | F26: 4553006658 | G26: XGA1150670200 | H26: 2 | I26: PCS | J26: 365 | K26: =H26*J26 -> 730 | L26: 853710 | M26: NO.15
A27: 16 | B27: PRS260510032 | C27: แก้มหน้าขวา | D27: เหล็ก | E27: RIGHT SIDE TRIM ASSEMBLY | F27: 4553006662 | G27: XGA1150670100 | H27: 2 | I27: PCS | J27: 154 | K27: =H27*J27 -> 308 | L27: 870829 | M27: NO.16
A28: 17 | B28: PRS260510032 | C28: ชุดลิมิตเตอร์ | D28: เหล็ก | E28: LIMITER ASSEMBLY | F28: 455019938/XGA50XEAW591-02111 | G28: XGA1150550700 | H28: 2 | I28: PCS | J28: 63 | K28: =H28*J28 -> 126 | L28: 853651 | M28: NO.17
A29: 18 | B29: PRS260510032 | C29: เซ็นเซอร์แรงดันอากาศ | D29: เหล็ก | E29: AIR PRESSURE SENSOR | F29: 453808374/38HKFW211-30010 | G29: XGA1150457020 | H29: 4 | I29: PCS | J29: 69 | K29: =H29*J29 -> 276 | L29: 853690 | M29: NO.18
A30: 19 | B30: PRS260510032 | C30: แผงคอยล์ร้อน | D30: เหล็ก | E30: CONDENSER ASSEMBLY | F30: 458108700/XGA81AMSE111-050100_ | G30: XGA1150439030 | H30: 3 | I30: PCS | J30: 292 | K30: =H30*J30 -> 876 | L30: 732690 | M30: NO.19
A31: 20 | B31: PRS260510032 | C31: ท่อแรงดันต่ำสามทางถึงคอยล์เย็น | D31: เหล็ก | E31: LOW PRESSURE PIPE - T-JUNCTION TO EVAPORATOR SECTION | F31: 4581007526 | G31: XGA1150431140 | H31: 3 | I31: PCS | J31: 90 | K31: =H31*J31 -> 270 | L31: 400921 | M31: NO.20
A32: 21 | B32: PRS260510032 | C32: สายจากคอนโทรลมือเข้าวาล์วแรงดัน | D32: เหล็ก | E32: HIGH-PRESSURE PIPE – VALVE STEAM SECTION | F32: 4581007525 | G32: XGA1150431100 | H32: 3 | I32: PCS | J32: 72 | K32: =H32*J32 -> 216 | L32: 854430 | M32: NO.21
A33: 22 | B33: PRS260510032 | C33: ท่อแรงดันสูงวาล์วความเย็น | D33: เหล็ก | E33: HIGH PRESSURE PIPE - COOLING VALVE SECTION | F33: 4581007527 | G33: XGA1150431090 | H33: 3 | I33: PCS | J33: 69 | K33: =H33*J33 -> 207 | L33: 400921 | M33: NO.22
A34: 23 | B34: PRS260510032 | C34: ช่องเสียบ USB | D34: เหล็ก | E34: USB INTERFACE | F34: 453717729/XGA37AMSN111-260200 | G34: XGA1150411030 | H34: 3 | I34: PCS | J34: 51 | K34: =H34*J34 -> 153 | L34: 853690 | M34: NO.23
A35: 24 | B35: PRS260510032 | C35: ช่องจ่ายไฟ | D35: เหล็ก | E35: 24V POWER OUTLET | F35: 453717739/XGA37AMSN111-260400 | G35: XGA1150411020 | H35: 3 | I35: PCS | J35: 9 | K35: =H35*J35 -> 27 | L35: 853690 | M35: NO.24
A36: 25 | B36: PRS260510032 | C36: ชุดสวิทซ์เปิด-ปิดกระจก | D36: เหล็ก | E36: ELECTRIC WINDOW MAIN SWITCH | F36: 453719236/XGA37AKSE111-460100 | G36: XGA1150399010 | H36: 3 | I36: PCS | J36: 32 | K36: =H36*J36 -> 96 | L36: 853710 | M36: NO.25
A37: 26 | B37: PRS260510032 | C37: สวิทช์เกียร์ | D37: เหล็ก | E37: INTER-WHEEL DIFFERENTIAL LOCK SWITCH | F37: 459357670/XGA37AKSE111-920190 | G37: XGA1150387090 | H37: 5 | I37: PCS | J37: 13 | K37: =H37*J37 -> 65 | L37: 853710 | M37: NO.26
A38: 27 | B38: PRS260510032 | C38: สวิทซ์เปิด-ปิดสัญญาณ | D38: เหล็ก | E38: LOW SPEED ALARM OFF SWITCH | F38: 459355728/ XGA37AKSE321-920210 | G38: XGA1150387080 | H38: 5 | I38: PCS | J38: 15 | K38: =H38*J38 -> 75 | L38: 853710 | M38: NO.27
A39: 28 | B39: PRS260510032 | C39: ข้อต่อไฮดรอลิค | D39: เหล็ก | E39: COMPRESSION FITTING PARTITIONED RIGHT ANGLE CONNECTOR BODY | F39: 819958812/Q81412 | G39: XGA1150357010 | H39: 20 | I39: PCS | J39: 8 | K39: =H39*J39 -> 160 | L39: 732690 | M39: NO.28
A40: 29 | B40: PRS260510032 | C40: ท่อกรองอากาศปั้มลมเข้าปั้มลม | D40: เหล็ก | E40: HIGH-TEMPERATURE RESISTANT PIPE ASSEMBLY | F40: 4535004234 | G40: XGA1150351010 | H40: 2 | I40: PCS | J40: 64 | K40: =H40*J40 -> 128 | L40: 400921 | M40: NO.29
A41: 30 | B41: PRS260510032 | C41: ชุดกรองอากาศ | D41: เหล็ก | E41: AIR FILTER | F41: 453533107/XGA35EWZF418-09220 | G41: XGA1150341020 | H41: 2 | I41: PCS | J41: 225 | K41: =H41*J41 -> 450 | L41: 842131 | M41: NO.30
A42: 31 | B42: PRS260510032 | C42: ถังลม | D42: เหล็ก | E42: AIR STORAGE ASSEMBLY | F42: 453521628/XGA3513DFH131-010 | G42: XGA1150337040 | H42: 2 | I42: PCS | J42: 362 | K42: =H42*J42 -> 724 | L42: 732690 | M42: NO.31
A43: 32 | B43: PRS260510032 | C43: ถังลม | D43: เหล็ก | E43: AIR STORAGE ASSEMBLY | F43: 453522787/XGA3513WJLY121-030 | G43: XGA1150335040 | H43: 2 | I43: PCS | J43: 404 | K43: =H43*J43 -> 808 | L43: 732690 | M43: NO.32
A44: 33 | B44: PRS260510032 | C44: น็อตจับข้อต่อ | D44: เหล็ก | E44: GRAND NUT | F44: 453502323/NCL35SRC-06026 | G44: XGA1150327170 | H44: 12 | I44: PCS | J44: 5 | K44: =H44*J44 -> 60 | L44: 731815 | M44: NO.33
A45: 34 | B45: PRS260510032 | C45: ข้อต่องอ 90 องศา | D45: เหล็ก | E45: PARTITION TYPE PIPE ELBOW FITTINGS | F45: 453502458/NCL35DM-06304 | G45: XGA1150327110 | H45: 20 | I45: PCS | J45: 16 | K45: =H45*J45 -> 320 | L45: 732690 | M45: NO.34
A46: 35 | B46: PRS260510032 | C46: สายไฮดรอลิค | D46: เหล็ก | E46: HOSE ASSEMBLY | F46: 453507231/Q-22-500W | G46: XGA1150327100 | H46: 10 | I46: PCS | J46: 15 | K46: =H46*J46 -> 150 | L46: 400941 | M46: NO.35
A47: 36 | B47: PRS260510032 | C47: วาล์วไล่ลมเร็ว | D47: เหล็ก | E47: QUICK RELEASE VALVE | F47: 453524964/3533DFW817-010 | G47: XGA1150327080 | H47: 3 | I47: PCS | J47: 25 | K47: =H47*J47 -> 75 | L47: 848180 | M47: NO.36
A48: 37 | B48: PRS260510032 | C48: ข้อต่อตรง | D48: เหล็ก | E48: JOINT | F48: 453502744/NXG35PAW421-06638 | G48: XGA1150327060 | H48: 50 | I48: PCS | J48: 14 | K48: =H48*J48 -> 700 | L48: 732690 | M48: NO.37
A49: 38 | B49: PRS260510032 | C49: สายเบรคจากหม้อลมเข้าวาล์วเท้าเหยียบเบรค | D49: เหล็ก | E49: CHASSIS BRAKE NYLON TUBE ASSEMBLY | F49: 4535015390 | G49: XGA1150319040 | H49: 2 | I49: PCS | J49: 494 | K49: =H49*J49 -> 988 | L49: 854430 | M49: NO.38
A50: 39 | B50: PRS260510032 | C50: ชุดโซลินอยวาล์ว 2ทาง | D50: เหล็ก | E50: DUAL SOLENOID VALVE ASSEMBLY | F50: 4537009506 | G50: XGA1150305020 | H50: 5 | I50: PCS | J50: 137 | K50: =H50*J50 -> 685 | L50: 853690 | M50: NO.39
A51: 40 | B51: PRS260510032 | C51: สวิทซ์เบรคมือ | D51: เหล็ก | E51: PARKING PRESSURE SWITCH | F51: 453810024/XGA38AMSN111-800300 | G51: XGA1150297020 | H51: 5 | I51: PCS | J51: 24 | K51: =H51*J51 -> 120 | L51: 853710 | M51: NO.40
A52: 41 | B52: PRS260510032 | C52: สวิทซ์เบรคมือ | D52: เหล็ก | E52: DRYING MACHINE PRESSURE SWITCH | F52: 453810330/XGA38AMSH111-800310 | G52: XGA1150297010 | H52: 5 | I52: PCS | J52: 31 | K52: =H52*J52 -> 155 | L52: 853710 | M52: NO.41
A53: 42 | B53: PRS260510032 | C53: เพลาข้าง | D53: เหล็ก | E53: HALF SHAFT | F53: 459349480/HD90009340693 | G53: XGA1150281520 | H53: 2 | I53: PCS | J53: 483 | K53: =H53*J53 -> 966 | L53: 870850 | M53: NO.42
A54: 43 | B54: PRS260510032 | C54: มอเตอร์ปัดน้ำฝน | D54: เหล็ก | E54: WIPE MOTOR ASSEMBLY | F54: 453719169/L9822010040-YZ | G54: XGA1150270400 | H54: 2 | I54: PCS | J54: 145 | K54: =H54*J54 -> 290 | L54: 850110 | M54: NO.43
A55: 44 | B55: PRS260510032 | C55: ก้านปัดน้ำฝนซ้าย | D55: เหล็ก | E55: LEFT WIPER ARM | F55: 455201966/ L9822010010-YZ | G55: XGA1150270300 | H55: 4 | I55: PCS | J55: 44 | K55: =H55*J55 -> 176 | L55: 732690 | M55: NO.44
A56: 45 | B56: PRS260510032 | C56: ก้านปัดน้ำฝนขวา | D56: เหล็ก | E56: RIGHT WIPER ARM | F56: 455201968/L9822010020-YZ | G56: XGA1150270200 | H56: 4 | I56: PCS | J56: 44 | K56: =H56*J56 -> 176 | L56: 732690 | M56: NO.45
A57: 46 | B57: PRS260510032 | C57: ใบปัดน้ำฝนหน้า | D57: เหล็ก | E57: WIPER LINKAGE ASSEMBLY | F57: 455201963/L9822010030-YZ | G57: XGA1150270100 | H57: 2 | I57: PCS | J57: 64 | K57: =H57*J57 -> 128 | L57: 851290 | M57: NO.46
A58: 47 | B58: PRS260510032 | C58: สาแหรกแหนบหลัง | D58: เหล็ก | E58: U-BOLT - REAR SUSPENSION | F58: 452910273/XGA29EXEA591-20481 | G58: XGA1150257080 | H58: 12 | I58: PCS | J58: 65 | K58: =H58*J58 -> 780 | L58: 870850 | M58: NO.47
A59: 48 | B59: PRS260510032 | C59: แผ่นรองขาจับชุดแหนบหลัง | D59: เหล็ก | E59: EXEA592 REAR SPRING PAD | F59: 4529001112 | G59: XGA1150257050 | H59: 6 | I59: PCS | J59: 68 | K59: =H59*J59 -> 408 | L59: 731822 | M59: NO.48
A60: 49 | B60: PRS260510032 | C60: ยางกันกระแทกแหนบหลัง | D60: ยาง | E60: SPACER BLOCK - REAR SUSPENSION | F60: 452904276/NXG29NMAY361-02123 | G60: XGA1150257030 | H60: 4 | I60: PCS | J60: 115 | K60: =H60*J60 -> 460 | L60: 401699 | M60: NO.49
A61: 50 | B61: PRS260510032 | C61: บู้ชหูแหนบ | D61: เหล็ก | E61: POSITIONING PIN SLEEVE | F61: 452901804/NCL29DUH-02123 | G61: XGA1150257020 | H61: 20 | I61: PCS | J61: 4 | K61: =H61*J61 -> 80 | L61: 732690 | M61: NO.50
A62: 51 | B62: PRS260510032 | C62: ซองแหนบ | D62: เหล็ก | E62: LUG END BRACKET ASSEMBLY - REAR SUSPENSION | F62: 452908492/XGA29XSAY571-50630 | G62: XGA1150253100 | H62: 4 | I62: PCS | J62: 152 | K62: =H62*J62 -> 608 | L62: 732010 | M62: NO.51
A63: 52 | B63: PRS260510032 | C63: โตงเตงแหนบ | D63: เหล็ก | E63: LIFTING EYE | F63: 452908488/XGA29XSAY571-50691 | G63: XGA1150253090 | H63: 4 | I63: PCS | J63: 142 | K63: =H63*J63 -> 568 | L63: 870850 | M63: NO.52
A64: 53 | B64: PRS260510032 | C64: กระจกหน้า | D64: กระจก | E64: A MICROWAVE WINDSHIELD (1995) | F64: 459349582/L9510010001-A | G64: XGA1150250200 | H64: 5 | I64: PCS | J64: 472 | K64: =H64*J64 -> 2360 | L64: 700992 | M64: NO.53
A65: 54 | B65: PRS260510032 | C65: ยางขอบกระจกหน้า | D65: ยาง | E65: WINDSHIELD WEATHERSTRIPPING | F65: 455201967/L9510020001 | G65: XGA1150250100 | H65: 5 | I65: PCS | J65: 138 | K65: =H65*J65 -> 690 | L65: 401699 | M65: NO.54
A66: 55 | B66: PRS260510032 | C66: ขาจับโตงเตงหูแหนบหน้า | D66: เหล็ก | E66: LUG END BRACKET | F66: 452909508 | G66: XGA1150247190 | H66: 4 | I66: PCS | J66: 90 | K66: =H66*J66 -> 360 | L66: 870880 | M66: NO.55
A67: 56 | B67: PRS260510032 | C67: โตงเตงหูแหนบหน้าพร้อมบู้ช | D67: เหล็ก | E67: LIFTING LUG WITH BUSHING ASSEMBLY | F67: 452908574/XGA29YPLW6F1-01285 | G67: XGA1150247170 | H67: 4 | I67: PCS | J67: 93 | K67: =H67*J67 -> 372 | L67: 870850 | M67: NO.56
A68: 57 | B68: PRS260510032 | C68: แหวนรองสลัก | D68: เหล็ก | E68: PAD | F68: 452908566/XGA29YPLW6F1-01253 | G68: XGA1150247160 | H68: 16 | I68: PCS | J68: 5 | K68: =H68*J68 -> 80 | L68: 731822 | M68: NO.57
A69: 58 | B69: PRS260510032 | C69: สลักหูแหนบ | D69: เหล็ก | E69: LEAF SPRING PIN - FOR HANGER LUG | F69: 452908523/XGA29XSAY571-40161 | G69: XGA1150247150 | H69: 4 | I69: PCS | J69: 24 | K69: =H69*J69 -> 96 | L69: 731824 | M69: NO.58
A70: 59 | B70: PRS260510032 | C70: โตงเตงหูแหนบ | D70: เหล็ก | E70: BRACKET - SUSPENSION | F70: 452909507 | G70: XGA1150247040 | H70: 4 | I70: PCS | J70: 102 | K70: =H70*J70 -> 408 | L70: 870850 | M70: NO.59
A71: 60 | B71: PRS260510032 | C71: สลักหูแหนบ | D71: เหล็ก | E71: STEEL PLATE SPRING PIN - FIXED END | F71: 452908519/XGA29XSAY571-40151 | G71: XGA1150247030 | H71: 6 | I71: PCS | J71: 24 | K71: =H71*J71 -> 144 | L71: 731824 | M71: NO.60
A72: 61 | B72: PRS260510032 | C72: ชุดสกรูจับโตงเตงหูแหนบ | D72: เหล็ก | E72: SPRING PIN POSITIONING BOLT-FRONT SUSPENSION + RONDELLA 12 + 1 TYPE HEXAGON NUTS | F72: 452901713 + 860123356 + 805239591 | G72: XGA1150247010 | H72: 10 | I72: PCS | J72: 11 | K72: =H72*J72 -> 110 | L72: 731815 | M72: NO.61
A73: 62 | B73: PRS260510032 | C73: สาแหรกแหนบหน้า | D73: เหล็ก | E73: U-BOLT - FRONT SUSPENSION | F73: 452911771/TUXLS00018180 | G73: XGA1150241060 | H73: 5 | I73: PCS | J73: 16 | K73: =H73*J73 -> 80 | L73: 870850 | M73: NO.62
A74: 63 | B74: PRS260510032 | C74: แผงควบคุม | D74: เหล็ก | E74: AUXILIARY DRIVE CONTROL BOARD | F74: 459348030/2027535 | G74: XGA1150235200 | H74: 1 | I74: PC | J74: 3096 | K74: =H74*J74 -> 3096 | L74: 853720 | M74: NO.63
A75: 64 | B75: PRS260510032 | C75: ฟิวส์ชุดบนขนาดใหญ่ | D75: เหล็ก | E75: MAIN UPPER STRUCTURE FUSE | F75: 459348028/28030439 | G75: XGA1150235180 | H75: 2 | I75: PCS | J75: 228 | K75: =H75*J75 -> 456 | L75: 853690 | M75: NO.64
A76: 65 | B76: PRS260510032 | C76: ตัวต้านทานบัฟเฟอร์ชุดบน | D76: เหล็ก | E76: UPPER STRUCTURE BUFFER RESISTOR | F76: 459348027/4030026 | G76: XGA1150235170 | H76: 2 | I76: PCS | J76: 101 | K76: =H76*J76 -> 202 | L76: 401699 | M76: NO.65
A77: 66 | B77: PRS260510032 | C77: ตัวต้านทานบัฟเฟอร์ TM | D77: เหล็ก | E77: TM BUFFER RESISTOR | F77: 459348026/4030025 | G77: XGA1150235160 | H77: 1 | I77: PC | J77: 102 | K77: =H77*J77 -> 102 | L77: 401699 | M77: NO.66
A78: 67 | B78: PRS260510032 | C78: ฟิวส์ไล่ฝ้าไฟฟ้า | D78: เหล็ก | E78: ELECTRIC DEFROST FUSE | F78: 459348025/28030501 | G78: XGA1150235150 | H78: 5 | I78: PCS | J78: 42 | K78: =H78*J78 -> 210 | L78: 853690 | M78: NO.67
A79: 68 | B79: PRS260510032 | C79: ฟิวส์แอร์ไฟฟ้า | D79: เหล็ก | E79: ELECTRIC AIR CONDITIONING FUSE | F79: 459348024/28030302 | G79: XGA1150235140 | H79: 5 | I79: PCS | J79: 41 | K79: =H79*J79 -> 205 | L79: 853690 | M79: NO.68
A80: 69 | B80: PRS260510032 | C80: ฟิวส์ DCDC | D80: เหล็ก | E80: DC-DC FUSE | F80: 459348023/28030406 | G80: XGA1150235130 | H80: 5 | I80: PCS | J80: 40 | K80: =H80*J80 -> 200 | L80: 853690 | M80: NO.69
A81: 70 | B81: PRS260510032 | C81: ฟิวส์ ACM | D81: เหล็ก | E81: ACM FUSE | F81: 459348022/28030356 | G81: XGA1150235120 | H81: 5 | I81: PCS | J81: 41 | K81: =H81*J81 -> 205 | L81: 853690 | M81: NO.70
A82: 71 | B82: PRS260510032 | C82: คอนแทคเตอร์ฮีตเตอร์ไฟฟ้า | D82: เหล็ก | E82: ELECTRIC HEATING CONTACTOR | F82: 459348021/12020253 | G82: XGA1150235110 | H82: 5 | I82: PCS | J82: 252 | K82: =H82*J82 -> 1260 | L82: 853690 | M82: NO.71
... A91: 80 | B91: PRS260510032 | C91: แผงคาปาซิเตอร์กรองสัญญาณ | D91: เหล็ก | E91: FILTER CAPACITOR BOARD | F91: 459348011/2025112 | G91: XGA1150235010 | H91: 1 | I91: PC | J91: 49 | K91: =H91*J91 -> 49 | L91: 853290 | M91: NO.80
A92: 81 | B92: PRS260510032 | C92: พัดลมระบายความร้อนหม้อน้ำ | D92: เหล็ก | E92: ELECTRONIC FAN | F92: 452107249 | G92: XGA1150187010 | H92: 3 | I92: PCS | J92: 649 | K92: =H92*J92 -> 1947 | L92: 843120 | M92: NO.81
A93: 82 | B93: PRS260510032 | C93: ชุดหม้อน้ำพร้อมพัดลม | D93: เหล็ก | E93: COOLING MODULE ASSEMBLY | F93: 452107272 | G93: XGA1150185010 | H93: 2 | I93: PCS | J93: 1164 | K93: =H93*J93 -> 2328 | L93: 870891 | M93: NO.82
A94: 83 | B94: PRS260510032 | C94: ท่อน้ำออกควบคุมไฟฟ้า | D94: เหล็ก | E94: ELECTRICALLY CONTROLLED WATER OUTLET HOSE | F94: 4513004563/XGA13AKLE761R-030340 | G94: XGA1150179310 | H94: 2 | I94: PCS | J94: 54 | K94: =H94*J94 -> 108 | L94: 400921 | M94: NO.83
A95: 84 | B95: PRS260510032 | C95: ท่อยางน้ำออกควบคุมไฟฟ้า | D95: ยาง | E95: ELECTRICALLY CONTROLLED WATER OUTLET HOSE | F95: 4513004554/XGA13AKLE761R-030260 | G95: XGA1150179280 | H95: 2 | I95: PCS | J95: 13 | K95: =H95*J95 -> 26 | L95: 400921 | M95: NO.84
A96: 85 | B96: PRS260510032 | C96: ท่อยางไล่อากาศ | D96: ยาง | E96: DEAERATOR HOSE | F96: 4513004557/XGA13AKLE761R-030230 | G96: XGA1150179220 | H96: 2 | I96: PCS | J96: 10 | K96: =H96*J96 -> 20 | L96: 400921 | M96: NO.85
A97: 86 | B97: PRS260510032 | C97: ท่อยางน้ำกลับล่าง | D97: ยาง | E97: LOWER RETURN HOSE | F97: 4513004556/XGA13AKLE761R-030240 | G97: XGA1150179210 | H97: 2 | I97: PCS | J97: 13 | K97: =H97*J97 -> 26 | L97: 400921 | M97: NO.86
A98: 87 | B98: PRS260510032 | C98: แป๊บน้ำ | D98: เหล็ก | E98: RETURN WATER STEEL PIPE | F98: 4513004553/XGA13AKLE761R-030270 | G98: XGA1150179150 | H98: 3 | I98: PCS | J98: 102 | K98: =H98*J98 -> 306 | L98: 730711 | M98: NO.87
A99: 88 | B99: PRS260510032 | C99: ท่อน้ำจากปั๊มน้ำไปชุดขับเคลื่อน | D99: เหล็ก | E99: RADIATOR - WATER PUMP TO DRIVE SYSTEM SECTION | F99: 4513004562/XGA13AKLE761R-030180 | G99: XGA1150179140 | H99: 2 | I99: PCS | J99: 15 | K99: =H99*J99 -> 30 | L99: 400921 | M99: NO.88
A100: 89 | B100: PRS260510032 | C100: ท่อยางไล่อากาศหน้า | D100: ยาง | E100: FRONT DEAERATOR HOSE | F100: 4513004558/XGA13AKLE761R-030220 | G100: XGA1150179130 | H100: 2 | I100: PCS | J100: 9 | K100: =H100*J100 -> 18 | L100: 400921 | M100: NO.89
A101: 90 | B101: PRS260510032 | C101: ท่อยางน้ำกลับหน้า | D101: เหล็ก | E101: FRONT RETURN HOSE | F101: 4513004561/XGA13AKLE761R-030190 | G101: XGA1150179120 | H101: 2 | I101: PCS | J101: 13 | K101: =H101*J101 -> 26 | L101: 400921 | M101: NO.90
A102: 91 | B102: PRS260510032 | C102: ท่อต่อตรง | D102: เหล็ก | E102: VARIABLE DIAMETER STRAIGHT HOSE -25-38 | F102: 452108040/XGA21EXLL591-27433 | G102: XGA1150179110 | H102: 3 | I102: PCS | J102: 5 | K102: =H102*J102 -> 15 | L102: 400921 | M102: NO.91
A103: 92 | B103: PRS260510032 | C103: ข้อต่อ 3 ทาง | D103: เหล็ก | E103: T-JOINT | F103: 452100553/XGA21WJLA211-27036 | G103: XGA1150179090 | H103: 3 | I103: PCS | J103: 24 | K103: =H103*J103 -> 72 | L103: 732690 | M103: NO.92
A104: 93 | B104: PRS260510032 | C104: ท่อน้ำกลับไปหม้อน้ำ | D104: เหล็ก | E104: RETURN HOSE - TO RADIATOR SECTION | F104: 4513004559/XGA13AKLE761R-030210 | G104: XGA1150179070 | H104: 2 | I104: PCS | J104: 29 | K104: =H104*J104 -> 58 | L104: 400921 | M104: NO.93
A105: 94 | B105: PRS260510032 | C105: ท่อน้ำออกหม้อน้ำไปปั๊มน้ำ | D105: เหล็ก | E105: RADIATOR - OUTLET HOSE TO WATER PUMP | F105: 4513004560/XGA13AKLE761R-030200 | G105: XGA1150179060 | H105: 2 | I105: PCS | J105: 8 | K105: =H105*J105 -> 16 | L105: 400921 | M105: NO.94
... A115: 104 | B115: PRS260510032 | C115: กระปุกพวงมาลัยพาวเวอร์ | D115: เหล็ก | E115: POWER STEERING ASSEMBLY | F115: 453410248/XGA34XEAS191R-10120 | G115: XGA1150133010 | H115: 1 | I115: PC | J115: 1518 | K115: =H115*J115 -> 1518 | L115: 870894 | M115: NO.104
A116: 105 | B116: PRS260510032 | C116: พวงมาลัย | D116: เหล็ก | E116: MULTI-FUNCTION STEERING WHEEL ASSEMBLY | F116: 4534005978 | G116: XGA1150127040 | H116: 1 | I116: PC | J116: 341 | K116: =H116*J116 -> 341 | L116: 870894 | M116: NO.105
A117: 106 | B117: PRS260510032 | C117: กะทะล้อ | D117: เหล็ก | E117: STEEL RING ASSEMBLY | F117: 453103764/XGA31EXEA591-00125 7.00T-20 | G117: XGA1150121020 | H117: 8 | I117: PCS | J117: 515 | K117: =H117*J117 -> 4120 | L117: 870870 | M117: NO.106
...

Sheet PACKING LIST
A1: ISSUER:XIAMEN SUTE CONSTRUCTION MACHINERY CO., LTD. | K1: PACKING LIST
A2: Add:No. 1-103, Fengshan West Road, Fengshan Community, Haicang District, Xiamen City, China
A3: Tel: 0086 592 6264338, Fax: 0086 592 5556820, Mob: 0086 18650178968
A4: TO:O.C.R. CO., LTD.
A5: Add2/2 Mu 7,Tambon Klongsai,Amphoe Natawi,Changwat Songkhla 90160,Thailand
A6: Tel:+66 74 255-897,Fax:+66 74 255898
A7: Marks:O.C.R. CO., LTD | H7: INV NO.: ST/OCR26326T1 | K7: DATE:2026-06-30
A8: Ship from: Xiamen China | K8: To: Laem Chabang Thailand
A9: SL | B9: PO NO. | C9: DESCRIPTION | H9: QTY | I9: UNIT | J9: PACKAGE | K9: N.W. | L9: G.W. | M9: MEAS. | N9: CTN. NO.
C10: THAI NAME | D10: MATERIAL | E10: ENGLISH NAME | F10: PART NO. | G10: OCR NO. | K10: KGS | L10: KGS | M10: CBM
A11: TRUCK SPARE PARTS
A12: 1 | B12: PRS260510032 | C12: กล่องควบคุมABS | D12: เหล็ก | E12: ABS CONTROLLER (KEMI) | F12: 453603771/XGA36HKFW211-30201 | G12: XGA4253880300 | H12: 1 | I12: PC | J12: 1 | K12: 0.5 | L12: 0.5 | M12: 0.01 | N12: 001W
A13: 2 | B13: PRS260510032 | C13: วาล์วรีเลย์4 ทาง | D13: เหล็ก | E13: RELAY VALVE ASSEMBLY | F13: 453502216/NXG3527WLFW6B1-010 | G13: XGA4250778090 | H13: 2 | I13: PCS | K13: 2 | L13: 2 | M13: 0.01 | N13: 001W
A14: 3 | B14: PRS260510032 | C14: ยางกันกระแทกแหนบหน้า | D14: ยาง | E14: LIMIT BLOCK - FRONT SUSPENSION | F14: 452906875/XGA29HEFW211-01106 | G14: XGA4250668020 | H14: 4 | I14: PCS | K14: 0.4 | L14: 0.5 | M14: 0.01 | N14: 001W
A15: 4 | B15: PRS260510032 | C15: สกรูจับสลักโตงเตงแหนบหน้า | D15: เหล็ก | E15: SPRING PIN LOCATING BOLT | F15: 452902661/NXG29KFW111-01054 | G15: XGA3252980100 | H15: 10 | I15: PCS | K15: 0.4 | L15: 0.5 | M15: 0.01 | N15: 001W
A16: 5 | B16: PRS260510032 | C16: สายสลิงล็อคก้ามเบรค(สั้น) | D16: เหล็ก | E16: WEAR ALARM JUMPER WIRE | F16: 459306729/HD90009580001 | G16: XGA3252802610 | H16: 2 | I16: PCS | K16: 0.1 | L16: 0.2 | M16: 0.01 | N16: 001W
A17: 6 | B17: PRS260510032 | C17: น็อตจับข้อต่อสายลม | D17: เหล็ก | E17: INTERNAL SERRATED LOCKING WASHER | F17: 805339139 + 453502192 | G17: XGA3252112202 | H17: 5 | I17: PCS | J17: 1 | K17: 0.1 | L17: 0.2 | M17: 0.01 | N17: 006W
A18: 7 | B18: PRS260510032 | C18: ข้อต่อวาล์ว | D18: เหล็ก | E18: END TYPE CONNECTOR+SEAL WASHER | F18: 453505137 + 805339161 | G18: XGA3250426060 | H18: 20 | I18: PCS | J18: 1 | K18: 1 | L18: 1 | M18: 0.01 | N18: 001W
A19: 8 | B19: PRS260510032 | C19: ข้อต่อวาล์ว(ตรง) | D19: เหล็ก | E19: HOLLOW BOLT+CIRCLIP+SPECIAL SECTION SEAL | F19: 453505138 + 453505139 + 453505140 | G19: XGA3250424070 | H19: 20 | I19: PCS | K19: 0.5 | L19: 0.5 | M19: 0.01 | N19: 001W
A20: 9 | B20: PRS260510032 | C20: ข้อต่อ(ตรง)หางไหลหม้อน้ำลมเบรค | D20: เหล็ก | E20: HOLLOW BOLT+CIRCLIP+SPECIAL SECTION SEAL | F20: 453505131 + 453505132 + 453505133 | G20: XGA3250416010 | H20: 50 | I20: PCS | K20: 1 | L20: 1 | M20: 0.01 | N20: 001W
A21: 10 | B21: PRS260510032 | C21: โช๊คอัพ | D21: เหล็ก | E21: SHOCK ABSORBER ASSEMBLY | F21: 452906971/XGA2921YPAY132-010 | G21: XGA3250376010 | H21: 4 | I21: PCS | K21: 12 | L21: 12 | M21: 0.02 | N21: 001W
A22: 11 | B22: PRS260510032 | C22: ขอบบังโคลนหน้าซ้าย | D22: เหล็ก | E22: LEFT FRONT FENDER ASSEMBLY | F22: 4584002159 | G22: XGA1150990400 | H22: 2 | I22: PCS | K22: 6 | L22: 6 | M22: 0.01 | N22: 001W
A23: 12 | B23: PRS260510032 | C23: ขอบบังโคลนหน้าขวา | D23: เหล็ก | E23: RIGHT FRONT FENDER ASSEMBLY | F23: 4584002158 | G23: XGA1150990100 | H23: 2 | I23: PCS | K23: 6 | L23: 6 | M23: 0.01 | N23: 001W
A24: 13 | B24: PRS260510032 | C24: เซ็นเซอร์อุณหภูมิ | D24: เหล็ก | E24: OUTDOOR TEMPERATURE SENSOR | F24: 458108684/XGA81AMSE111-030500 | G24: XGA1150690600 | H24: 2 | I24: PCS | K24: 0.1 | L24: 0.2 | M24: 0.01 | N24: 001W
A25: 14 | B25: PRS260510032 | C25: ชุดกระจังหน้า | D25: เหล็ก | E25: FRONT GRILLE ASSEMBLY INCLUDE FRONT LOGO ASSEMBLY | F25: 453906704 + 455312866 | G25: XGA1150690400 | H25: 3 | I25: PCS | J25: 1 | K25: 27 | L25: 27 | M25: 0.4 | N25: 006W
A26: 15 | B26: PRS260510032 | C26: แผงหน้าปัด | D26: เหล็ก | E26: FRONT PANEL ASSEMBLY | F26: 4553006658 | G26: XGA1150670200 | H26: 2 | I26: PCS | J26: 1 | K26: 7 | L26: 7 | M26: 0.01 | N26: 006W
A27: 16 | B27: PRS260510032 | C27: แก้มหน้าขวา | D27: เหล็ก | E27: RIGHT SIDE TRIM ASSEMBLY | F27: 4553006662 | G27: XGA1150670100 | H27: 2 | I27: PCS | J27: 1 | K27: 2 | L27: 2 | M27: 0.01 | N27: 001W
A28: 17 | B28: PRS260510032 | C28: ชุดลิมิตเตอร์ | D28: เหล็ก | E28: LIMITER ASSEMBLY | F28: 455019938/XGA50XEAW591-02111 | G28: XGA1150550700 | H28: 2 | I28: PCS | K28: 6 | L28: 6 | M28: 0.01 | N28: 001W
A29: 18 | B29: PRS260510032 | C29: เซ็นเซอร์แรงดันอากาศ | D29: เหล็ก | E29: AIR PRESSURE SENSOR | F29: 453808374/38HKFW211-30010 | G29: XGA1150457020 | H29: 4 | I29: PCS | K29: 0.1 | L29: 0.2 | M29: 0.01 | N29: 001W
A30: 19 | B30: PRS260510032 | C30: แผงคอยล์ร้อน | D30: เหล็ก | E30: CONDENSER ASSEMBLY | F30: 458108700/XGA81AMSE111-050100_ | G30: XGA1150439030 | H30: 3 | I30: PCS | K30: 9 | L30: 9 | M30: 0.03 | N30: 001W
A31: 20 | B31: PRS260510032 | C31: ท่อแรงดันต่ำสามทางถึงคอยล์เย็น | D31: เหล็ก | E31: LOW PRESSURE PIPE - T-JUNCTION TO EVAPORATOR SECTION | F31: 4581007526 | G31: XGA1150431140 | H31: 3 | I31: PCS | K31: 1 | L31: 1 | M31: 0.01 | N31: 001W
A32: 21 | B32: PRS260510032 | C32: สายจากคอนโทรลมือเข้าวาล์วแรงดัน | D32: เหล็ก | E32: HIGH-PRESSURE PIPE – VALVE STEAM SECTION | F32: 4581007525 | G32: XGA1150431100 | H32: 3 | I32: PCS | K32: 0.5 | L32: 0.5 | M32: 0.01 | N32: 001W
A33: 22 | B33: PRS260510032 | C33: ท่อแรงดันสูงวาล์วความเย็น | D33: เหล็ก | E33: HIGH PRESSURE PIPE - COOLING VALVE SECTION | F33: 4581007527 | G33: XGA1150431090 | H33: 3 | I33: PCS | K33: 0.5 | L33: 0.5 | M33: 0.01 | N33: 001W
A34: 23 | B34: PRS260510032 | C34: ช่องเสียบ USB | D34: เหล็ก | E34: USB INTERFACE | F34: 453717729/XGA37AMSN111-260200 | G34: XGA1150411030 | H34: 3 | I34: PCS | K34: 0.1 | L34: 0.2 | M34: 0.01 | N34: 001W
A35: 24 | B35: PRS260510032 | C35: ช่องจ่ายไฟ | D35: เหล็ก | E35: 24V POWER OUTLET | F35: 453717739/XGA37AMSN111-260400 | G35: XGA1150411020 | H35: 3 | I35: PCS | K35: 0.1 | L35: 0.2 | M35: 0.01 | N35: 001W
A36: 25 | B36: PRS260510032 | C36: ชุดสวิทซ์เปิด-ปิดกระจก | D36: เหล็ก | E36: ELECTRIC WINDOW MAIN SWITCH | F36: 453719236/XGA37AKSE111-460100 | G36: XGA1150399010 | H36: 3 | I36: PCS | K36: 0.1 | L36: 0.2 | M36: 0.01 | N36: 001W
A37: 26 | B37: PRS260510032 | C37: สวิทช์เกียร์ | D37: เหล็ก | E37: INTER-WHEEL DIFFERENTIAL LOCK SWITCH | F37: 459357670/XGA37AKSE111-920190 | G37: XGA1150387090 | H37: 5 | I37: PCS | K37: 0.1 | L37: 0.2 | M37: 0.01 | N37: 001W
A38: 27 | B38: PRS260510032 | C38: สวิทซ์เปิด-ปิดสัญญาณ | D38: เหล็ก | E38: LOW SPEED ALARM OFF SWITCH | F38: 459355728/ XGA37AKSE321-920210 | G38: XGA1150387080 | H38: 5 | I38: PCS | J38: 1 | K38: 0.1 | L38: 0.2 | M38: 0.01 | N38: 006W
A39: 28 | B39: PRS260510032 | C39: ข้อต่อไฮดรอลิค | D39: เหล็ก | E39: COMPRESSION FITTING PARTITIONED RIGHT ANGLE CONNECTOR BODY | F39: 819958812/Q81412 | G39: XGA1150357010 | H39: 20 | I39: PCS | J39: 1 | K39: 1 | L39: 1 | M39: 0.01 | N39: 001W
A40: 29 | B40: PRS260510032 | C40: ท่อกรองอากาศปั้มลมเข้าปั้มลม | D40: เหล็ก | E40: HIGH-TEMPERATURE RESISTANT PIPE ASSEMBLY | F40: 4535004234 | G40: XGA1150351010 | H40: 2 | I40: PCS | J40: 1 | K40: 0.5 | L40: 0.5 | M40: 0.01 | N40: 001W
A41: 30 | B41: PRS260510032 | C41: ชุดกรองอากาศ | D41: เหล็ก | E41: AIR FILTER | F41: 453533107/XGA35EWZF418-09220 | G41: XGA1150341020 | H41: 2 | I41: PCS | J41: 1 | K41: 4 | L41: 4 | M41: 0.03 | N41: 001W
A42: 31 | B42: PRS260510032 | C42: ถังลม | D42: เหล็ก | E42: AIR STORAGE ASSEMBLY | F42: 453521628/XGA3513DFH131-010 | G42: XGA1150337040 | H42: 2 | I42: PCS | J42: 1 | K42: 10 | L42: 10 | M42: 0.01 | N42: 089C
A43: 32 | B43: PRS260510032 | C43: ถังลม | D43: เหล็ก | E43: AIR STORAGE ASSEMBLY | F43: 453522787/XGA3513WJLY121-030 | G43: XGA1150335040 | H43: 2 | I43: PCS | J43: 1 | K43: 10 | L43: 10 | M43: 0.01 | N43: 089C
A44: 33 | B44: PRS260510032 | C44: น็อตจับข้อต่อ | D44: เหล็ก | E44: GRAND NUT | F44: 453502323/NCL35SRC-06026 | G44: XGA1150327170 | H44: 12 | I44: PCS | J44: 1 | K44: 0.1 | L44: 0.2 | M44: 0.01 | N44: 001W
A45: 34 | B45: PRS260510032 | C45: ข้อต่องอ 90 องศา | D45: เหล็ก | E45: PARTITION TYPE PIPE ELBOW FITTINGS | F45: 453502458/NCL35DM-06304 | G45: XGA1150327110 | H45: 20 | I45: PCS | K45: 1 | L45: 1 | M45: 0.01 | N45: 001W
A46: 35 | B46: PRS260510032 | C46: สายไฮดรอลิค | D46: เหล็ก | E46: HOSE ASSEMBLY | F46: 453507231/Q-22-500W | G46: XGA1150327100 | H46: 10 | I46: PCS | K46: 2 | L46: 2 | M46: 0.01 | N46: 001W
A47: 36 | B47: PRS260510032 | C47: วาล์วไล่ลมเร็ว | D47: เหล็ก | E47: QUICK RELEASE VALVE | F47: 453524964/3533DFW817-010 | G47: XGA1150327080 | H47: 3 | I47: PCS | K47: 0.5 | L47: 0.5 | M47: 0.01 | N47: 001W
A48: 37 | B48: PRS260510032 | C48: ข้อต่อตรง | D48: เหล็ก | E48: JOINT | F48: 453502744/NXG35PAW421-06638 | G48: XGA1150327060 | H48: 50 | I48: PCS | K48: 4 | L48: 4 | M48: 0.01 | N48: 001W
A49: 38 | B49: PRS260510032 | C49: สายเบรคจากหม้อลมเข้าวาล์วเท้าเหยียบเบรค | D49: เหล็ก | E49: CHASSIS BRAKE NYLON TUBE ASSEMBLY | F49: 4535015390 | G49: XGA1150319040 | H49: 2 | I49: PCS | K49: 4 | L49: 4 | M49: 0.01 | N49: 001W
A50: 39 | B50: PRS260510032 | C50: ชุดโซลินอยวาล์ว 2ทาง | D50: เหล็ก | E50: DUAL SOLENOID VALVE ASSEMBLY | F50: 4537009506 | G50: XGA1150305020 | H50: 5 | I50: PCS | J50: 1 | K50: 3 | L50: 3 | M50: 0.02 | N50: 090C
A51: 40 | B51: PRS260510032 | C51: สวิทซ์เบรคมือ | D51: เหล็ก | E51: PARKING PRESSURE SWITCH | F51: 453810024/XGA38AMSN111-800300 | G51: XGA1150297020 | H51: 5 | I51: PCS | J51: 1 | K51: 0.1 | L51: 0.2 | M51: 0.01 | N51: 001W
A52: 41 | B52: PRS260510032 | C52: สวิทซ์เบรคมือ | D52: เหล็ก | E52: DRYING MACHINE PRESSURE SWITCH | F52: 453810330/XGA38AMSH111-800310 | G52: XGA1150297010 | H52: 5 | I52: PCS | K52: 0.1 | L52: 0.2 | M52: 0.01 | N52: 001W
A53: 42 | B53: PRS260510032 | C53: เพลาข้าง | D53: เหล็ก | E53: HALF SHAFT | F53: 459349480/HD90009340693 | G53: XGA1150281520 | H53: 2 | I53: PCS | K53: 32 | L53: 32 | M53: 0.02 | N53: 001W
A54: 43 | B54: PRS260510032 | C54: มอเตอร์ปัดน้ำฝน | D54: เหล็ก | E54: WIPE MOTOR ASSEMBLY | F54: 453719169/L9822010040-YZ | G54: XGA1150270400 | H54: 2 | I54: PCS | K54: 4 | L54: 4 | M54: 0.01 | N54: 001W
A55: 44 | B55: PRS260510032 | C55: ก้านปัดน้ำฝนซ้าย | D55: เหล็ก | E55: LEFT WIPER ARM | F55: 455201966/ L9822010010-YZ | G55: XGA1150270300 | H55: 4 | I55: PCS | K55: 2 | L55: 2 | M55: 0.01 | N55: 001W
A56: 45 | B56: PRS260510032 | C56: ก้านปัดน้ำฝนขวา | D56: เหล็ก | E56: RIGHT WIPER ARM | F56: 455201968/L9822010020-YZ | G56: XGA1150270200 | H56: 4 | I56: PCS | K56: 2 | L56: 2 | M56: 0.01 | N56: 001W
A57: 46 | B57: PRS260510032 | C57: ใบปัดน้ำฝนหน้า | D57: เหล็ก | E57: WIPER LINKAGE ASSEMBLY | F57: 455201963/L9822010030-YZ | G57: XGA1150270100 | H57: 2 | I57: PCS | K57: 2 | L57: 2 | M57: 0.01 | N57: 001W
A58: 47 | B58: PRS260510032 | C58: สาแหรกแหนบหลัง | D58: เหล็ก | E58: U-BOLT - REAR SUSPENSION | F58: 452910273/XGA29EXEA591-20481 | G58: XGA1150257080 | H58: 12 | I58: PCS | J58: 1 | K58: 42 | L58: 42 | M58: 0.01 | N58: 006W
A59: 48 | B59: PRS260510032 | C59: แผ่นรองขาจับชุดแหนบหลัง | D59: เหล็ก | E59: EXEA592 REAR SPRING PAD | F59: 4529001112 | G59: XGA1150257050 | H59: 6 | I59: PCS | J59: 1 | K59: 15 | L59: 15 | M59: 0.02 | N59: 001W
A60: 49 | B60: PRS260510032 | C60: ยางกันกระแทกแหนบหลัง | D60: ยาง | E60: SPACER BLOCK - REAR SUSPENSION | F60: 452904276/NXG29NMAY361-02123 | G60: XGA1150257030 | H60: 4 | I60: PCS | K60: 6 | L60: 6 | M60: 0.01 | N60: 001W
A61: 50 | B61: PRS260510032 | C61: บู้ชหูแหนบ | D61: เหล็ก | E61: POSITIONING PIN SLEEVE | F61: 452901804/NCL29DUH-02123 | G61: XGA1150257020 | H61: 20 | I61: PCS | K61: 1 | L61: 1 | M61: 0.01 | N61: 001W
A62: 51 | B62: PRS260510032 | C62: ซองแหนบ | D62: เหล็ก | E62: LUG END BRACKET ASSEMBLY - REAR SUSPENSION | F62: 452908492/XGA29XSAY571-50630 | G62: XGA1150253100 | H62: 4 | I62: PCS | K62: 12 | L62: 12 | M62: 0.02 | N62: 001W
A63: 52 | B63: PRS260510032 | C63: โตงเตงแหนบ | D63: เหล็ก | E63: LIFTING EYE | F63: 452908488/XGA29XSAY571-50691 | G63: XGA1150253090 | H63: 4 | I63: PCS | K63: 10 | L63: 10 | M63: 0.02 | N63: 001W
A64: 53 | B64: PRS260510032 | C64: กระจกหน้า | D64: กระจก | E64: A MICROWAVE WINDSHIELD (1995) | F64: 459349582/L9510010001-A | G64: XGA1150250200 | H64: 5 | I64: PCS | J64: 1 | K64: 158 | L64: 158 | M64: 1.5 | N64: 254C
A65: 54 | B65: PRS260510032 | C65: ยางขอบกระจกหน้า | D65: ยาง | E65: WINDSHIELD WEATHERSTRIPPING | F65: 455201967/L9510020001 | G65: XGA1150250100 | H65: 5 | I65: PCS | J65: 1 | K65: 10 | L65: 1 | M65: 0.02 | N65: 001W
A66: 55 | B66: PRS260510032 | C66: ขาจับโตงเตงหูแหนบหน้า | D66: เหล็ก | E66: LUG END BRACKET | F66: 452909508 | G66: XGA1150247190 | H66: 4 | I66: PCS | K66: 12 | L66: 12 | M66: 0.01 | N66: 001W
A67: 56 | B67: PRS260510032 | C67: โตงเตงหูแหนบหน้าพร้อมบู้ช | D67: เหล็ก | E67: LIFTING LUG WITH BUSHING ASSEMBLY | F67: 452908574/XGA29YPLW6F1-01285 | G67: XGA1150247170 | H67: 4 | I67: PCS | K67: 6 | L67: 6 | M67: 0.01 | N67: 001W
A68: 57 | B68: PRS260510032 | C68: แหวนรองสลัก | D68: เหล็ก | E68: PAD | F68: 452908566/XGA29YPLW6F1-01253 | G68: XGA1150247160 | H68: 16 | I68: PCS | K68: 0.2 | L68: 0.3 | M68: 0.01 | N68: 001W
A69: 58 | B69: PRS260510032 | C69: สลักหูแหนบ | D69: เหล็ก | E69: LEAF SPRING PIN - FOR HANGER LUG | F69: 452908523/XGA29XSAY571-40161 | G69: XGA1150247150 | H69: 4 | I69: PCS | K69: 1 | L69: 1 | M69: 0.01 | N69: 001W
A70: 59 | B70: PRS260510032 | C70: โตงเตงหูแหนบ | D70: เหล็ก | E70: BRACKET - SUSPENSION | F70: 452909507 | G70: XGA1150247040 | H70: 4 | I70: PCS | K70: 14 | L70: 14 | M70: 0.01 | N70: 001W
A71: 60 | B71: PRS260510032 | C71: สลักหูแหนบ | D71: เหล็ก | E71: STEEL PLATE SPRING PIN - FIXED END | F71: 452908519/XGA29XSAY571-40151 | G71: XGA1150247030 | H71: 6 | I71: PCS | K71: 1 | L71: 1.5 | M71: 0.01 | N71: 001W
A72: 61 | B72: PRS260510032 | C72: ชุดสกรูจับโตงเตงหูแหนบ | D72: เหล็ก | E72: SPRING PIN POSITIONING BOLT-FRONT SUSPENSION + RONDELLA 12 + 1 TYPE HEXAGON NUTS | F72: 452901713 + 860123356 + 805239591 | G72: XGA1150247010 | H72: 10 | I72: PCS | J72: 1 | K72: 0.4 | L72: 0.5 | M72: 0.01 | N72: 006W
A73: 62 | B73: PRS260510032 | C73: สาแหรกแหนบหน้า | D73: เหล็ก | E73: U-BOLT - FRONT SUSPENSION | F73: 452911771/TUXLS00018180 | G73: XGA1150241060 | H73: 5 | I73: PCS | J73: 1 | K73: 3 | L73: 3 | M73: 0.01 | N73: 001W
A74: 63 | B74: PRS260510032 | C74: แผงควบคุม | D74: เหล็ก | E74: AUXILIARY DRIVE CONTROL BOARD | F74: 459348030/2027535 | G74: XGA1150235200 | H74: 1 | I74: PC | J74: 1 | K74: 0.1 | L74: 0.2 | M74: 0.01 | N74: 006W
A75: 64 | B75: PRS260510032 | C75: ฟิวส์ชุดบนขนาดใหญ่ | D75: เหล็ก | E75: MAIN UPPER STRUCTURE FUSE | F75: 459348028/28030439 | G75: XGA1150235180 | H75: 2 | I75: PCS | J75: 1 | K75: 0.1 | L75: 0.2 | M75: 0.01 | N75: 006W
A76: 65 | B76: PRS260510032 | C76: ตัวต้านทานบัฟเฟอร์ชุดบน | D76: เหล็ก | E76: UPPER STRUCTURE BUFFER RESISTOR | F76: 459348027/4030026 | G76: XGA1150235170 | H76: 2 | I76: PCS | J76: 1 | K76: 0.1 | L76: 0.2 | M76: 0.01 | N76: 006W
A77: 66 | B77: PRS260510032 | C77: ตัวต้านทานบัฟเฟอร์ TM | D77: เหล็ก | E77: TM BUFFER RESISTOR | F77: 459348026/4030025 | G77: XGA1150235160 | H77: 1 | I77: PC | J77: 1 | K77: 0.1 | L77: 0.2 | M77: 0.01 | N77: 006W
A78: 67 | B78: PRS260510032 | C78: ฟิวส์ไล่ฝ้าไฟฟ้า | D78: เหล็ก | E78: ELECTRIC DEFROST FUSE | F78: 459348025/28030501 | G78: XGA1150235150 | H78: 5 | I78: PCS | J78: 1 | K78: 0.1 | L78: 0.2 | M78: 0.01 | N78: 006W
A79: 68 | B79: PRS260510032 | C79: ฟิวส์แอร์ไฟฟ้า | D79: เหล็ก | E79: ELECTRIC AIR CONDITIONING FUSE | F79: 459348024/28030302 | G79: XGA1150235140 | H79: 5 | I79: PCS | J79: 1 | K79: 0.1 | L79: 0.2 | M79: 0.01 | N79: 006W
A80: 69 | B80: PRS260510032 | C80: ฟิวส์ DCDC | D80: เหล็ก | E80: DC-DC FUSE | F80: 459348023/28030406 | G80: XGA1150235130 | H80: 5 | I80: PCS | J80: 1 | K80: 0.1 | L80: 0.2 | M80: 0.01 | N80: 006W
A81: 70 | B81: PRS260510032 | C81: ฟิวส์ ACM | D81: เหล็ก | E81: ACM FUSE | F81: 459348022/28030356 | G81: XGA1150235120 | H81: 5 | I81: PCS | J81: 1 | K81: 0.1 | L81: 0.2 | M81: 0.01 | N81: 006W
A82: 71 | B82: PRS260510032 | C82: คอนแทคเตอร์ฮีตเตอร์ไฟฟ้า | D82: เหล็ก | E82: ELECTRIC HEATING CONTACTOR | F82: 459348021/12020253 | G82: XGA1150235110 | H82: 5 | I82: PCS | J82: 1 | K82: 1.5 | L82: 1.5 | M82: 0.01 | N82: 006W
A83: 72 | B83: PRS260510032 | C83: คอนแทคเตอร์ขับเสริม | D83: เหล็ก | E83: AUXILIARY DRIVE CONTACTOR | F83: 459348020/12020165 | G83: XGA1150235100 | H83: 2 | I83: PCS | J83: 1 | K83: 0.1 | L83: 0.2 | M83: 0.01 | N83: 006W
... A91: 80 | B91: PRS260510032 | C91: แผงคาปาซิเตอร์กรองสัญญาณ | D91: เหล็ก | E91: FILTER CAPACITOR BOARD | F91: 459348011/2025112 | G91: XGA1150235010 | H91: 1 | I91: PC | J91: 1 | K91: 0.1 | L91: 0.2 | M91: 0.01 | N91: 006W
A92: 81 | B92: PRS260510032 | C92: พัดลมระบายความร้อนหม้อน้ำ | D92: เหล็ก | E92: ELECTRONIC FAN | F92: 452107249 | G92: XGA1150187010 | H92: 3 | I92: PCS | J92: 1 | K92: 5.5 | L92: 6 | M92: 0.03 | N92: 086C
A93: 82 | B93: PRS260510032 | C93: ชุดหม้อน้ำพร้อมพัดลม | D93: เหล็ก | E93: COOLING MODULE ASSEMBLY | F93: 452107272 | G93: XGA1150185010 | H93: 2 | I93: PCS | J93: 1 | K93: 20 | L93: 20 | M93: 0.04 | N93: 001W
A94: 83 | B94: PRS260510032 | C94: ท่อน้ำออกควบคุมไฟฟ้า | D94: เหล็ก | E94: ELECTRICALLY CONTROLLED WATER OUTLET HOSE | F94: 4513004563/XGA13AKLE761R-030340 | G94: XGA1150179310 | H94: 2 | I94: PCS | J94: 1 | K94: 2 | L94: 2 | M94: 0.01 | N94: 001W
A95: 84 | B95: PRS260510032 | C95: ท่อยางน้ำออกควบคุมไฟฟ้า | D95: ยาง | E95: ELECTRICALLY CONTROLLED WATER OUTLET HOSE | F95: 4513004554/XGA13AKLE761R-030260 | G95: XGA1150179280 | H95: 2 | I95: PCS | J95: 1 | K95: 0.5 | L95: 0.5 | M95: 0.01 | N95: 001W
A96: 85 | B96: PRS260510032 | C96: ท่อยางไล่อากาศ | D96: ยาง | E96: DEAERATOR HOSE | F96: 4513004557/XGA13AKLE761R-030230 | G96: XGA1150179220 | H96: 2 | I96: PCS | J96: 1 | K96: 0.5 | L96: 0.5 | M96: 0.01 | N96: 001W
A97: 86 | B97: PRS260510032 | C97: ท่อยางน้ำกลับล่าง | D97: ยาง | E97: LOWER RETURN HOSE | F97: 4513004556/XGA13AKLE761R-030240 | G97: XGA1150179210 | H97: 2 | I97: PCS | J97: 1 | K97: 0.5 | L97: 0.5 | M97: 0.01 | N97: 001W
A98: 87 | B98: PRS260510032 | C98: แป๊บน้ำ | D98: เหล็ก | E98: RETURN WATER STEEL PIPE | F98: 4513004553/XGA13AKLE761R-030270 | G98: XGA1150179150 | H98: 3 | I98: PCS | J98: 1 | K98: 2 | L98: 2 | M98: 0.01 | N98: 001W
A99: 88 | B99: PRS260510032 | C99: ท่อน้ำจากปั๊มน้ำไปชุดขับเคลื่อน | D99: เหล็ก | E99: RADIATOR - WATER PUMP TO DRIVE SYSTEM SECTION | F99: 4513004562/XGA13AKLE761R-030180 | G99: XGA1150179140 | H99: 2 | I99: PCS | J99: 1 | K99: 0.5 | L99: 0.5 | M99: 0.01 | N99: 001W
A100: 89 | B100: PRS260510032 | C100: ท่อยางไล่อากาศหน้า | D100: ยาง | E100: FRONT DEAERATOR HOSE | F100: 4513004558/XGA13AKLE761R-030220 | G100: XGA1150179130 | H100: 2 | I100: PCS | J100: 1 | K100: 0.5 | L100: 0.5 | M100: 0.01 | N100: 001W
A101: 90 | B101: PRS260510032 | C101: ท่อยางน้ำกลับหน้า | D101: เหล็ก | E101: FRONT RETURN HOSE | F101: 4513004561/XGA13AKLE761R-030190 | G101: XGA1150179120 | H101: 2 | I101: PCS | J101: 1 | K101: 0.1 | L101: 0.2 | M101: 0.01 | N101: 001W
A102: 91 | B102: PRS260510032 | C102: ท่อต่อตรง | D102: เหล็ก | E102: VARIABLE DIAMETER STRAIGHT HOSE -25-38 | F102: 452108040/XGA21EXLL591-27433 | G102: XGA1150179110 | H102: 3 | I102: PCS | J102: 1 | K102: 0.1 | L102: 0.2 | M102: 0.01 | N102: 001W
A103: 92 | B103: PRS260510032 | C103: ข้อต่อ 3 ทาง | D103: เหล็ก | E103: T-JOINT | F103: 452100553/XGA21WJLA211-27036 | G103: XGA1150179090 | H103: 3 | I103: PCS | J103: 1 | K103: 0.2 | L103: 0.3 | M103: 0.01 | N103: 001W
A104: 93 | B104: PRS260510032 | C104: ท่อน้ำกลับไปหม้อน้ำ | D104: เหล็ก | E104: RETURN HOSE - TO RADIATOR SECTION | F104: 4513004559/XGA13AKLE761R-030210 | G104: XGA1150179070 | H104: 2 | I104: PCS | J104: 1 | K104: 1 | L104: 1 | M104: 0.01 | N104: 001W
A105: 94 | B105: PRS260510032 | C105: ท่อน้ำออกหม้อน้ำไปปั๊มน้ำ | D105: เหล็ก | E105: RADIATOR - OUTLET HOSE TO WATER PUMP | F105: 4513004560/XGA13AKLE761R-030200 | G105: XGA1150179060 | H105: 2 | I105: PCS | J105: 1 | K105: 0.1 | L105: 0.2 | M105: 0.01 | N105: 001W
... A115: 104 | B115: PRS260510032 | C115: กระปุกพวงมาลัยพาวเวอร์ | D115: เหล็ก | E115: POWER STEERING ASSEMBLY | F115: 453410248/XGA34XEAS191R-10120 | G115: XGA1150133010 | H115: 1 | I115: PC | J115: 1 | K115: 28 | L115: 28 | M115: 0.01 | N115: 088C
A116: 105 | B116: PRS260510032 | C116: พวงมาลัย | D116: เหล็ก | E116: MULTI-FUNCTION STEERING WHEEL ASSEMBLY | F116: 4534005978 | G116: XGA1150127040 | H116: 1 | I116: PC | J116: 1 | K116: 2 | L116: 2 | M116: 0.01 | N116: 001W
...
